{"grid":{"x":20,"y":40},"data":[[740,1,-1.71,2.8,1],[720,1,-1.71,2.64,1],[700,1,-1.71,2.48,1],[680,1,-1.71,2.32,1],[660,1,-1.71,2.16,1],[640,1,-1.71,2,1],[620,1,-1.71,1.84,1],[600,1,-1.71,1.68,1],[580,1,-1.71,1.52,1],[560,1,-1.71,1.36,1],[540,1,-1.71,1.2,1],[520,1,-1.71,1.04,1],[500,1,-1.71,0.8799999,1],[480,1,-1.71,0.7199998,1],[460,1,-1.71,0.5599999,1],[440,1,-1.71,0.3999999,1],[420,1,-1.71,0.2399999,1],[400,1,-1.71,0.07999988,1],[401,1,-1.53,0.07999988,1],[421,1,-1.53,0.2399999,1],[461,1,-1.53,0.5599999,1],[441,1,-1.53,0.3999999,1],[481,1,-1.53,0.7199998,1],[501,1,-1.53,0.8799999,1],[541,1,-1.53,1.2,1],[521,1,-1.53,1.04,1],[561,1,-1.53,1.36,1],[581,1,-1.53,1.52,1],[601,1,-1.53,1.68,1],[621,1,-1.53,1.84,1],[641,1,-1.53,2,1],[661,1,-1.53,2.16,1],[681,1,-1.53,2.32,1],[701,1,-1.53,2.48,1],[721,1,-1.53,2.64,1],[741,1,-1.53,2.8,1],[742,1,-1.35,2.8,1],[722,1,-1.35,2.64,1],[702,1,-1.35,2.48,1],[682,1,-1.35,2.32,1],[662,1,-1.35,2.16,1],[642,1,-1.35,2,1],[622,1,-1.35,1.84,1],[602,1,-1.35,1.68,1],[582,1,-1.35,1.52,1],[562,1,-1.35,1.36,1],[542,1,-1.35,1.2,1],[522,1,-1.35,1.04,1],[502,1,-1.35,0.8799999,1],[482,1,-1.35,0.7199998,1],[462,1,-1.35,0.5599999,1],[442,1,-1.35,0.3999999,1],[422,1,-1.35,0.2399999,1],[402,1,-1.35,0.07999988,1],[403,1,-1.17,0.07999988,1],[423,1,-1.17,0.2399999,1],[443,1,-1.17,0.3999999,1],[463,1,-1.17,0.5599999,1],[483,1,-1.17,0.7199998,1],[503,1,-1.17,0.8799999,1],[523,1,-1.17,1.04,1],[563,1,-1.17,1.36,1],[543,1,-1.17,1.2,1],[583,1,-1.17,1.52,1],[603,1,-1.17,1.68,1],[643,1,-1.17,2,1],[623,1,-1.17,1.84,1],[663,1,-1.17,2.16,1],[683,1,-1.17,2.32,1],[703,1,-1.17,2.48,1],[723,1,-1.17,2.64,1],[743,1,-1.17,2.8,1],[404,1,-0.99,0.07999988,1],[406,1,-0.63,0.07999988,1],[405,1,-0.8100001,0.07999988,1],[424,1,-0.99,0.2399999,1],[425,1,-0.8100001,0.2399999,1],[426,1,-0.63,0.2399999,1],[407,1,-0.45,0.07999988,1],[408,1,-0.27,0.07999988,1],[409,1,-0.09,0.07999988,1],[410,1,0.09,0.07999988,1],[411,1,0.27,0.07999988,1],[412,1,0.45,0.07999988,1],[413,1,0.63,0.07999988,1],[415,1,0.99,0.07999988,1],[414,1,0.8100001,0.07999988,1],[416,1,1.17,0.07999988,1],[417,1,1.35,0.07999988,1],[418,1,1.53,0.07999988,1],[419,1,1.71,0.07999988,1],[439,1,1.71,0.2399999,1],[438,1,1.53,0.2399999,1],[437,1,1.35,0.2399999,1],[436,1,1.17,0.2399999,1],[435,1,0.99,0.2399999,1],[434,1,0.8100001,0.2399999,1],[433,1,0.63,0.2399999,1],[432,1,0.45,0.2399999,1],[431,1,0.27,0.2399999,1],[430,1,0.09,0.2399999,1],[429,1,-0.09,0.2399999,1],[428,1,-0.27,0.2399999,1],[427,1,-0.45,0.2399999,1],[444,1,-0.99,0.3999999,1],[464,1,-0.99,0.5599999,1],[484,1,-0.99,0.7199998,1],[485,1,-0.8100001,0.7199998,1],[465,1,-0.8100001,0.5599999,1],[445,1,-0.8100001,0.3999999,1],[446,1,-0.63,0.3999999,1],[466,1,-0.63,0.5599999,1],[486,1,-0.63,0.7199998,1],[487,1,-0.45,0.7199998,1],[467,1,-0.45,0.5599999,1],[447,1,-0.45,0.3999999,1],[448,1,-0.27,0.3999999,1],[468,1,-0.27,0.5599999,1],[488,1,-0.27,0.7199998,1],[489,1,-0.09,0.7199998,1],[469,1,-0.09,0.5599999,1],[449,1,-0.09,0.3999999,1],[450,1,0.09,0.3999999,1],[470,1,0.09,0.5599999,1],[490,1,0.09,0.7199998,1],[491,1,0.27,0.7199998,1],[471,1,0.27,0.5599999,1],[451,1,0.27,0.3999999,1],[452,1,0.45,0.3999999,1],[472,1,0.45,0.5599999,1],[512,1,0.45,0.8799999,1],[493,1,0.63,0.7199998,1],[492,1,0.45,0.7199998,1],[473,1,0.63,0.5599999,1],[453,1,0.63,0.3999999,1],[454,1,0.8100001,0.3999999,1],[474,1,0.8100001,0.5599999,1],[494,1,0.8100001,0.7199998,1],[495,1,0.99,0.7199998,1],[475,1,0.99,0.5599999,1],[455,1,0.99,0.3999999,1],[456,1,1.17,0.3999999,1],[476,1,1.17,0.5599999,1],[496,1,1.17,0.7199998,1],[497,1,1.35,0.7199998,1],[477,1,1.35,0.5599999,1],[457,1,1.35,0.3999999,1],[458,1,1.53,0.3999999,1],[478,1,1.53,0.5599999,1],[498,1,1.53,0.7199998,1],[499,1,1.71,0.7199998,1],[479,1,1.71,0.5599999,1],[459,1,1.71,0.3999999,1],[519,1,1.71,0.8799999,1],[518,1,1.53,0.8799999,1],[517,1,1.35,0.8799999,1],[537,1,1.35,1.04,1],[538,1,1.53,1.04,1],[539,1,1.71,1.04,1],[559,1,1.71,1.2,1],[558,1,1.53,1.2,1],[557,1,1.35,1.2,1],[577,1,1.35,1.36,1],[578,1,1.53,1.36,1],[579,1,1.71,1.36,1],[599,1,1.71,1.52,1],[598,1,1.53,1.52,1],[597,1,1.35,1.52,1],[617,1,1.35,1.68,1],[618,1,1.53,1.68,1],[619,1,1.71,1.68,1],[639,1,1.71,1.84,1],[638,1,1.53,1.84,1],[637,1,1.35,1.84,1],[657,1,1.35,2,1],[658,1,1.53,2,1],[659,1,1.71,2,1],[679,1,1.71,2.16,1],[678,1,1.53,2.16,1],[677,1,1.35,2.16,1],[697,1,1.35,2.32,1],[698,1,1.53,2.32,1],[699,1,1.71,2.32,1],[719,1,1.71,2.48,1],[718,1,1.53,2.48,1],[717,1,1.35,2.48,1],[737,1,1.35,2.64,1],[738,1,1.53,2.64,1],[739,1,1.71,2.64,1],[759,1,1.71,2.8,1],[758,1,1.53,2.8,1],[757,1,1.35,2.8,1],[756,1,1.17,2.8,1],[755,1,0.99,2.8,1],[735,1,0.99,2.64,1],[736,1,1.17,2.64,1],[716,1,1.17,2.48,1],[715,1,0.99,2.48,1],[695,1,0.99,2.32,1],[696,1,1.17,2.32,1],[676,1,1.17,2.16,1],[675,1,0.99,2.16,1],[655,1,0.99,2,1],[656,1,1.17,2,1],[636,1,1.17,1.84,1],[635,1,0.99,1.84,1],[615,1,0.99,1.68,1],[616,1,1.17,1.68,1],[596,1,1.17,1.52,1],[595,1,0.99,1.52,1],[575,1,0.99,1.36,1],[576,1,1.17,1.36,1],[556,1,1.17,1.2,1],[555,1,0.99,1.2,1],[535,1,0.99,1.04,1],[536,1,1.17,1.04,1],[516,1,1.17,0.8799999,1],[515,1,0.99,0.8799999,1],[514,1,0.8100001,0.8799999,1],[534,1,0.8100001,1.04,1],[533,1,0.63,1.04,1],[513,1,0.63,0.8799999,1],[553,1,0.63,1.2,1],[554,1,0.8100001,1.2,1],[574,1,0.8100001,1.36,1],[573,1,0.63,1.36,1],[593,1,0.63,1.52,1],[594,1,0.8100001,1.52,1],[614,1,0.8100001,1.68,1],[613,1,0.63,1.68,1],[633,1,0.63,1.84,1],[634,1,0.8100001,1.84,1],[654,1,0.8100001,2,1],[653,1,0.63,2,1],[673,1,0.63,2.16,1],[674,1,0.8100001,2.16,1],[694,1,0.8100001,2.32,1],[693,1,0.63,2.32,1],[713,1,0.63,2.48,1],[714,1,0.8100001,2.48,1],[734,1,0.8100001,2.64,1],[733,1,0.63,2.64,1],[753,1,0.63,2.8,1],[754,1,0.8100001,2.8,1],[752,1,0.45,2.8,1],[751,1,0.27,2.8,1],[731,1,0.27,2.64,1],[732,1,0.45,2.64,1],[712,1,0.45,2.48,1],[711,1,0.27,2.48,1],[691,1,0.27,2.32,1],[692,1,0.45,2.32,1],[672,1,0.45,2.16,1],[671,1,0.27,2.16,1],[651,1,0.27,2,1],[652,1,0.45,2,1],[632,1,0.45,1.84,1],[631,1,0.27,1.84,1],[611,1,0.27,1.68,1],[612,1,0.45,1.68,1],[592,1,0.45,1.52,1],[591,1,0.27,1.52,1],[571,1,0.27,1.36,1],[572,1,0.45,1.36,1],[552,1,0.45,1.2,1],[551,1,0.27,1.2,1],[531,1,0.27,1.04,1],[532,1,0.45,1.04,1],[511,1,0.27,0.8799999,1],[510,1,0.09,0.8799999,1],[530,1,0.09,1.04,1],[529,1,-0.09,1.04,1],[509,1,-0.09,0.8799999,1],[508,1,-0.27,0.8799999,1],[528,1,-0.27,1.04,1],[527,1,-0.45,1.04,1],[507,1,-0.45,0.8799999,1],[506,1,-0.63,0.8799999,1],[526,1,-0.63,1.04,1],[525,1,-0.8100001,1.04,1],[505,1,-0.8100001,0.8799999,1],[504,1,-0.99,0.8799999,1],[524,1,-0.99,1.04,1],[544,1,-0.99,1.2,1],[545,1,-0.8100001,1.2,1],[565,1,-0.8100001,1.36,1],[564,1,-0.99,1.36,1],[584,1,-0.99,1.52,1],[586,1,-0.63,1.52,1],[605,1,-0.8100001,1.68,1],[585,1,-0.8100001,1.52,1],[604,1,-0.99,1.68,1],[624,1,-0.99,1.84,1],[625,1,-0.8100001,1.84,1],[645,1,-0.8100001,2,1],[644,1,-0.99,2,1],[664,1,-0.99,2.16,1],[665,1,-0.8100001,2.16,1],[685,1,-0.8100001,2.32,1],[684,1,-0.99,2.32,1],[704,1,-0.99,2.48,1],[705,1,-0.8100001,2.48,1],[725,1,-0.8100001,2.64,1],[724,1,-0.99,2.64,1],[744,1,-0.99,2.8,1],[745,1,-0.8100001,2.8,1],[746,1,-0.63,2.8,1],[747,1,-0.45,2.8,1],[748,1,-0.27,2.8,1],[749,1,-0.09,2.8,1],[750,1,0.09,2.8,1],[730,1,0.09,2.64,1],[729,1,-0.09,2.64,1],[728,1,-0.27,2.64,1],[727,1,-0.45,2.64,1],[726,1,-0.63,2.64,1],[706,1,-0.63,2.48,1],[707,1,-0.45,2.48,1],[709,1,-0.09,2.48,1],[708,1,-0.27,2.48,1],[710,1,0.09,2.48,1],[690,1,0.09,2.32,1],[689,1,-0.09,2.32,1],[688,1,-0.27,2.32,1],[687,1,-0.45,2.32,1],[686,1,-0.63,2.32,1],[666,1,-0.63,2.16,1],[667,1,-0.45,2.16,1],[668,1,-0.27,2.16,1],[669,1,-0.09,2.16,1],[670,1,0.09,2.16,1],[650,1,0.09,2,1],[649,1,-0.09,2,1],[648,1,-0.27,2,1],[646,1,-0.63,2,1],[647,1,-0.45,2,1],[626,1,-0.63,1.84,1],[627,1,-0.45,1.84,1],[628,1,-0.27,1.84,1],[629,1,-0.09,1.84,1],[630,1,0.09,1.84,1],[610,1,0.09,1.68,1],[609,1,-0.09,1.68,1],[608,1,-0.27,1.68,1],[607,1,-0.45,1.68,1],[606,1,-0.63,1.68,1],[587,1,-0.45,1.52,1],[566,1,-0.63,1.36,1],[567,1,-0.45,1.36,1],[547,1,-0.45,1.2,1],[546,1,-0.63,1.2,1],[548,1,-0.27,1.2,1],[568,1,-0.27,1.36,1],[588,1,-0.27,1.52,1],[589,1,