{"grid":{"x":20,"y":34},"data":[[361,4,-1.53,0.282353,2],[362,4,-1.35,0.282353,2],[363,4,-1.17,0.282353,2],[383,4,-1.17,0.4705883,2],[403,4,-1.17,0.6588235,2],[402,4,-1.35,0.6588235,2],[401,4,-1.53,0.6588235,2],[381,4,-1.53,0.4705883,2],[382,1,-1.35,0.4705883,9],[365,4,-0.8100001,0.282353,2],[385,4,-0.8100001,0.4705883,2],[405,4,-0.8100001,0.6588235,2],[406,4,-0.63,0.6588235,2],[407,4,-0.45,0.6588235,2],[387,4,-0.45,0.4705883,2],[367,4,-0.45,0.282353,2],[366,4,-0.63,0.282353,2],[386,1,-0.63,0.4705883,9],[372,4,0.45,0.282353,2],[392,4,0.45,0.4705883,2],[412,4,0.45,0.6588235,2],[413,4,0.63,0.6588235,2],[414,4,0.8100001,0.6588235,2],[394,4,0.8100001,0.4705883,2],[374,4,0.8100001,0.282353,2],[373,4,0.63,0.282353,2],[376,4,1.17,0.282353,2],[396,4,1.17,0.4705883,2],[416,4,1.17,0.6588235,2],[417,4,1.35,0.6588235,2],[418,4,1.53,0.6588235,2],[398,4,1.53,0.4705883,2],[378,4,1.53,0.282353,2],[377,4,1.35,0.282353,2],[397,1,1.35,0.4705883,9],[393,1,0.63,0.4705883,9],[441,4,-1.53,1.035294,2],[442,4,-1.35,1.035294,2],[443,4,-1.17,1.035294,2],[444,4,-0.99,1.035294,2],[445,4,-0.8100001,1.035294,2],[446,4,-0.63,1.035294,2],[447,4,-0.45,1.035294,2],[452,4,0.45,1.035294,2],[453,4,0.63,1.035294,2],[454,4,0.8100001,1.035294,2],[455,4,0.99,1.035294,2],[456,4,1.17,1.035294,2],[457,4,1.35,1.035294,2],[458,4,1.53,1.035294,2],[463,1,-1.17,1.223529,11],[474,1,0.8100001,1.223529,11],[476,1,1.17,1.223529,11],[464,1,-0.99,1.223529,11],[465,1,-0.8100001,1.223529,11],[475,1,0.99,1.223529,11],[481,4,-1.53,1.411765,2],[482,4,-1.35,1.411765,2],[483,4,-1.17,1.411765,2],[484,4,-0.99,1.411765,2],[485,4,-0.8100001,1.411765,2],[486,4,-0.63,1.411765,2],[487,4,-0.45,1.411765,2],[492,4,0.45,1.411765,2],[493,4,0.63,1.411765,2],[494,4,0.8100001,1.411765,2],[495,4,0.99,1.411765,2],[496,4,1.17,1.411765,2],[497,4,1.35,1.411765,2],[498,4,1.53,1.411765,2],[503,1,-1.17,1.6,12],[542,3,-1.35,1.976471,1],[505,1,-0.8100001,1.6,12],[514,1,0.8100001,1.6,12],[515,1,0.99,1.6,12],[516,1,1.17,1.6,12],[521,4,-1.53,1.788235,2],[522,4,-1.35,1.788235,2],[523,4,-1.17,1.788235,2],[524,4,-0.99,1.788235,2],[525,4,-0.8100001,1.788235,2],[526,4,-0.63,1.788235,2],[527,4,-0.45,1.788235,2],[532,4,0.45,1.788235,2],[533,4,0.63,1.788235,2],[534,4,0.8100001,1.788235,2],[535,4,0.99,1.788235,2],[536,4,1.17,1.788235,2],[537,4,1.35,1.788235,2],[538,4,1.53,1.788235,2],[544,4,-0.99,1.976471,6],[546,3,-0.63,1.976471,1],[555,4,0.99,1.976471,6],[547,3,-0.45,1.976471,1],[557,3,1.35,1.976471,1],[504,1,-0.99,1.6,12],[424,4,-0.99,0.8470588,10],[435,4,0.99,0.8470588,10],[563,3,-1.17,2.164706,1],[583,3,-1.17,2.352941,1],[585,3,-0.8100001,2.352941,1],[584,3,-0.99,2.352941,1],[564,3,-0.99,2.164706,1],[574,3,0.8100001,2.164706,1],[575,3,0.99,2.164706,1],[576,3,1.17,2.164706,1],[565,3,-0.8100001,2.164706,1],[541,3,-1.53,1.976471,1],[552,3,0.45,1.976471,1],[553,3,0.63,1.976471,1],[558,3,1.53,1.976471,1],[581,3,-1.53,2.352941,1],[582,3,-1.35,2.352941,1],[586,3,-0.63,2.352941,1],[587,3,-0.45,2.352941,1],[592,3,0.45,2.352941,1],[593,3,0.63,2.352941,1],[594,3,0.8100001,2.352941,1],[595,3,0.99,2.352941,1],[596,3,1.17,2.352941,1],[597,3,1.35,2.352941,1],[598,3,1.53,2.352941,1],[604,5,-0.99,2.541177,1],[615,5,0.99,2.541177,1]]}