{"grid":{"x":15,"y":15},"data":[[196,1,-1.44,2.56],[198,1,-0.96,2.56],[200,1,-0.48,2.56],[202,1,0,2.56],[204,1,0.48,2.56],[206,1,0.96,2.56],[208,1,1.44,2.56],[181,1,-1.44,2.133333],[183,1,-0.96,2.133333],[185,1,-0.48,2.133333],[187,1,0,2.133333],[189,1,0.48,2.133333],[191,1,0.96,2.133333],[193,1,1.44,2.133333],[166,1,-1.44,1.706667],[168,1,-0.96,1.706667],[170,1,-0.48,1.706667],[172,1,0,1.706667],[174,1,0.48,1.706667],[176,1,0.96,1.706667],[178,1,1.44,1.706667],[151,1,-1.44,1.28],[153,1,-0.96,1.28],[155,1,-0.48,1.28],[157,1,0,1.28],[159,1,0.48,1.28],[161,1,0.96,1.28],[163,1,1.44,1.28],[136,1,-1.44,0.8533334],[138,1,-0.96,0.8533334],[140,1,-0.48,0.8533334],[142,1,0,0.8533334],[144,1,0.48,0.8533334],[146,1,0.96,0.8533334],[148,1,1.44,0.8533334],[121,1,-1.44,0.4266667],[123,1,-0.96,0.4266667],[125,1,-0.48,0.4266667],[127,1,0,0.4266667],[129,1,0.48,0.4266667],[131,1,0.96,0.4266667],[133,1,1.44,0.4266667],[197,1,-1.2,2.56],[199,1,-0.72,2.56],[201,1,-0.24,2.56],[203,1,0.24,2.56],[205,1,0.72,2.56],[207,1,1.2,2.56],[177,1,1.2,1.706667],[175,1,0.72,1.706667],[173,1,0.24,1.706667],[171,1,-0.24,1.706667],[169,1,-0.72,1.706667],[167,1,-1.2,1.706667],[137,1,-1.2,0.8533334],[139,1,-0.72,0.8533334],[141,1,-0.24,0.8533334],[143,1,0.24,0.8533334],[145,1,0.72,0.8533334],[147,1,1.2,0.8533334],[132,1,1.2,0.4266667],[130,1,0.72,0.4266667],[128,1,0.24,0.4266667],[126,1,-0.24,0.4266667],[124,1,-0.72,0.4266667],[122,1,-1.2,0.4266667],[152,1,-1.2,1.28],[154,1,-0.72,1.28],[156,1,-0.24,1.28],[158,1,0.24,1.28],[160,1,0.72,1.28],[162,1,1.2,1.28],[192,1,1.2,2.133333],[190,1,0.72,2.133333],[188,1,0.24,2.133333],[186,1,-0.24,2.133333],[184,1,-0.72,2.133333],[182,1,-1.2,2.133333]]}