{"grid":{"x":20,"y":34},"data":[[621,1,-1.53,2.729412,1],[601,1,-1.53,2.541177,1],[581,1,-1.53,2.352941,1],[561,1,-1.53,2.164706,1],[541,1,-1.53,1.976471,1],[521,1,-1.53,1.788235,1],[501,1,-1.53,1.6,1],[481,1,-1.53,1.411765,1],[461,1,-1.53,1.223529,1],[441,1,-1.53,1.035294,1],[421,1,-1.53,0.8470588,1],[401,1,-1.53,0.6588235,1],[381,1,-1.53,0.4705883,1],[361,1,-1.53,0.282353,1],[362,1,-1.35,0.282353,1],[363,1,-1.17,0.282353,1],[364,1,-0.99,0.282353,1],[365,1,-0.8100001,0.282353,1],[366,1,-0.63,0.282353,1],[367,1,-0.45,0.282353,1],[368,1,-0.27,0.282353,1],[369,1,-0.09,0.282353,1],[370,1,0.09,0.282353,1],[371,1,0.27,0.282353,1],[372,1,0.45,0.282353,1],[373,1,0.63,0.282353,1],[374,1,0.8100001,0.282353,1],[375,1,0.99,0.282353,1],[376,1,1.17,0.282353,1],[377,1,1.35,0.282353,1],[378,1,1.53,0.282353,1],[398,1,1.53,0.4705883,1],[418,1,1.53,0.6588235,1],[438,1,1.53,0.8470588,1],[458,1,1.53,1.035294,1],[478,1,1.53,1.223529,1],[498,1,1.53,1.411765,1],[518,1,1.53,1.6,1],[538,1,1.53,1.788235,1],[558,1,1.53,1.976471,1],[578,1,1.53,2.164706,1],[598,1,1.53,2.352941,1],[618,1,1.53,2.541177,1],[638,1,1.53,2.729412,1],[622,1,-1.35,2.729412,1],[623,1,-1.17,2.729412,1],[624,1,-0.99,2.729412,1],[625,1,-0.8100001,2.729412,1],[626,1,-0.63,2.729412,1],[627,1,-0.45,2.729412,1],[628,1,-0.27,2.729412,1],[629,1,-0.09,2.729412,1],[630,1,0.09,2.729412,1],[631,1,0.27,2.729412,1],[632,1,0.45,2.729412,1],[633,1,0.63,2.729412,1],[634,1,0.8100001,2.729412,1],[635,1,0.99,2.729412,1],[636,1,1.17,2.729412,1],[637,1,1.35,2.729412,1],[424,2,-0.99,0.8470588,1],[425,2,-0.8100001,0.8470588,1],[426,2,-0.63,0.8470588,1],[430,2,0.09,0.8470588,1],[428,2,-0.27,0.8470588,1],[429,2,-0.09,0.8470588,1],[427,2,-0.45,0.8470588,1],[431,2,0.27,0.8470588,1],[432,2,0.45,0.8470588,1],[433,2,0.63,0.8470588,1],[434,2,0.8100001,0.8470588,1],[435,2,0.99,0.8470588,1],[444,2,-0.99,1.035294,1],[464,2,-0.99,1.223529,1],[484,2,-0.99,1.411765,1],[504,2,-0.99,1.6,1],[524,2,-0.99,1.788235,1],[544,2,-0.99,1.976471,1],[564,2,-0.99,2.164706,1],[565,2,-0.8100001,2.164706,1],[566,2,-0.63,2.164706,1],[567,2,-0.45,2.164706,1],[568,2,-0.27,2.164706,1],[569,2,-0.09,2.164706,1],[570,2,0.09,2.164706,1],[571,2,0.27,2.164706,1],[572,2,0.45,2.164706,1],[573,2,0.63,2.164706,1],[574,2,0.8100001,2.164706,1],[575,2,0.99,2.164706,1],[555,2,0.99,1.976471,1],[535,2,0.99,1.788235,1],[515,2,0.99,1.6,1],[495,2,0.99,1.411765,1],[475,2,0.99,1.223529,1],[455,2,0.99,1.035294,1],[507,3,-0.45,1.6,1],[487,3,-0.45,1.411765,1],[508,3,-0.27,1.6,1],[509,3,-0.09,1.6,1],[510,3,0.09,1.6,1],[511,3,0.27,1.6,1],[512,3,0.45,1.6,1],[488,3,-0.27,1.411765,1],[489,3,-0.09,1.411765,1],[490,3,0.09,1.411765,1],[491,3,0.27,1.411765,1],[492,3,0.45,1.411765,1],[602,4,-1.35,2.541177,1],[583,4,-1.17,2.352941,1],[617,4,1.35,2.541177,1],[596,4,1.17,2.352941,1],[554,4,0.8100001,1.976471,1],[533,4,0.63,1.788235,1],[545,4,-0.8100001,1.976471,1],[526,4,-0.63,1.788235,1],[445,4,-0.8100001,1.035294,1],[466,4,-0.63,1.223529,1],[454,4,0.8100001,1.035294,1],[473,4,0.63,1.223529,1],[382,4,-1.35,0.4705883,1],[403,4,-1.17,0.6588235,1],[397,4,1.35,0.4705883,1],[416,4,1.17,0.6588235,1]]}