{"grid":{"x":20,"y":34},"data":[[602,5,-1.35,2.541177,1],[582,5,-1.35,2.352941,1],[583,5,-1.17,2.352941,1],[603,5,-1.17,2.541177,1],[617,5,1.35,2.541177,1],[616,5,1.17,2.541177,1],[596,5,1.17,2.352941,1],[597,5,1.35,2.352941,1],[605,2,-0.8100001,2.541177,1],[585,2,-0.8100001,2.352941,1],[586,2,-0.63,2.352941,1],[606,2,-0.63,2.541177,1],[542,2,-1.35,1.976471,1],[522,2,-1.35,1.788235,1],[523,2,-1.17,1.788235,1],[543,2,-1.17,1.976471,1],[545,1,-0.8100001,1.976471,1],[525,1,-0.8100001,1.788235,1],[546,1,-0.63,1.976471,1],[526,1,-0.63,1.788235,1],[366,1,-0.63,0.282353,1],[506,2,-0.63,1.6,2],[504,2,-0.99,1.6,2],[524,4,-0.99,1.788235,1],[564,1,-0.99,2.164706,2],[484,4,-0.99,1.411765,1],[444,4,-0.99,1.035294,1],[614,2,0.8100001,2.541177,1],[613,2,0.63,2.541177,1],[593,2,0.63,2.352941,1],[594,2,0.8100001,2.352941,1],[556,2,1.17,1.976471,1],[536,2,1.17,1.788235,1],[537,2,1.35,1.788235,1],[557,2,1.35,1.976471,1],[553,1,0.63,1.976471,1],[533,1,0.63,1.788235,1],[534,1,0.8100001,1.788235,1],[554,1,0.8100001,1.976471,1],[535,4,0.99,1.788235,1],[495,4,0.99,1.411765,1],[455,4,0.99,1.035294,1],[500,1,-1.71,1.6,2],[501,2,-1.53,1.6,2],[502,2,-1.35,1.6,2],[503,2,-1.17,1.6,2],[505,2,-0.8100001,1.6,2],[507,2,-0.45,1.6,2],[508,2,-0.27,1.6,2],[509,2,-0.09,1.6,2],[510,2,0.09,1.6,2],[511,2,0.27,1.6,2],[512,2,0.45,1.6,2],[513,2,0.63,1.6,2],[514,2,0.8100001,1.6,2],[515,2,0.99,1.6,2],[516,2,1.17,1.6,2],[518,2,1.53,1.6,2],[519,1,1.71,1.6,2],[517,2,1.35,1.6,2],[463,2,-1.17,1.223529,2],[464,2,-0.99,1.223529,2],[465,2,-0.8100001,1.223529,2],[474,2,0.8100001,1.223529,2],[475,2,0.99,1.223529,2],[476,2,1.17,1.223529,2],[405,1,-0.8100001,0.6588235,1],[385,1,-0.8100001,0.4705883,1],[414,1,0.8100001,0.6588235,1],[394,1,0.8100001,0.4705883,1],[347,1,-0.45,0.09411766,1],[348,1,-0.27,0.09411766,1],[349,1,-0.09,0.09411766,1],[350,1,0.09,0.09411766,1],[351,1,0.27,0.09411766,1],[352,1,0.45,0.09411766,1],[373,1,0.63,0.282353,1],[575,1,0.99,2.164706,2]]}