{"grid":{"x":15,"y":20},"data":[[256,1,-1.44,2.4,0],[258,1,-0.96,2.4,0],[260,1,-0.48,2.4,0],[262,1,0,2.4,0],[264,1,0.48,2.4,0],[266,1,0.96,2.4,0],[268,1,1.44,2.4,0],[213,2,-0.96,1.44,2],[217,4,0,1.44,1],[228,4,-0.96,1.76,1],[236,4,0.96,1.76,1],[183,4,-0.96,0.7999998,2],[191,4,0.96,0.7999998,1],[242,2,-1.2,2.08,2],[243,2,-0.96,2.08,2],[244,2,-0.72,2.08,2],[226,2,-1.44,1.76,2],[230,2,-0.48,1.76,2],[231,2,-0.24,1.76,2],[232,2,0,1.76,2],[233,2,0.24,1.76,2],[234,2,0.48,1.76,2],[250,2,0.72,2.08,2],[251,2,0.96,2.08,2],[252,2,1.2,2.08,2],[238,2,1.44,1.76,2],[214,2,-0.72,1.44,2],[212,2,-1.2,1.44,2],[227,2,-1.2,1.76,2],[229,2,-0.72,1.76,2],[216,2,-0.24,1.44,2],[218,2,0.24,1.44,2],[201,2,-0.24,1.12,2],[202,2,0,1.12,2],[203,2,0.24,1.12,2],[235,2,0.72,1.76,2],[221,2,0.96,1.44,2],[222,2,1.2,1.44,2],[237,2,1.2,1.76,2],[220,2,0.72,1.44,2],[199,2,-0.72,1.12,2],[200,2,-0.48,1.12,2],[185,2,-0.48,0.7999998,2],[184,2,-0.72,0.7999998,2],[204,2,0.48,1.12,2],[205,2,0.72,1.12,2],[190,2,0.72,0.7999998,2],[189,2,0.48,0.7999998,2],[198,2,-0.96,1.12,2],[197,2,-1.2,1.12,2],[182,2,-1.2,0.7999998,2],[206,2,0.96,1.12,2],[207,2,1.2,1.12,2],[192,2,1.2,0.7999998,2]]}