{"grid":{"x":20,"y":34},"data":[[582,1,-1.35,2.352941,3],[583,1,-1.17,2.352941,3],[584,1,-0.99,2.352941,3],[585,1,-0.8100001,2.352941,3],[586,1,-0.63,2.352941,3],[587,1,-0.45,2.352941,3],[588,1,-0.27,2.352941,3],[562,1,-1.35,2.164706,3],[563,1,-1.17,2.164706,3],[564,1,-0.99,2.164706,3],[565,1,-0.8100001,2.164706,3],[566,1,-0.63,2.164706,3],[567,1,-0.45,2.164706,3],[568,1,-0.27,2.164706,3],[548,3,-0.27,1.976471,3],[528,3,-0.27,1.788235,3],[508,3,-0.27,1.6,3],[488,3,-0.27,1.411765,3],[468,3,-0.27,1.223529,3],[547,3,-0.45,1.976471,3],[527,3,-0.45,1.788235,3],[507,3,-0.45,1.6,3],[487,3,-0.45,1.411765,3],[467,3,-0.45,1.223529,3],[447,2,-0.45,1.035294,3],[448,2,-0.27,1.035294,3],[449,2,-0.09,1.035294,3],[450,2,0.09,1.035294,3],[451,2,0.27,1.035294,3],[452,2,0.45,1.035294,3],[453,2,0.63,1.035294,3],[454,2,0.8100001,1.035294,3],[427,2,-0.45,0.8470588,3],[428,2,-0.27,0.8470588,3],[429,2,-0.09,0.8470588,3],[430,2,0.09,0.8470588,3],[431,2,0.27,0.8470588,3],[432,2,0.45,0.8470588,3],[433,2,0.63,0.8470588,3],[434,2,0.8100001,0.8470588,3],[469,4,-0.09,1.223529,3],[489,4,-0.09,1.411765,3],[490,4,0.09,1.411765,3],[470,4,0.09,1.223529,3],[545,4,-0.8100001,1.976471,3],[525,4,-0.8100001,1.788235,3],[526,4,-0.63,1.788235,3],[546,4,-0.63,1.976471,3],[602,4,-1.35,2.541177,3],[603,4,-1.17,2.541177,3],[604,4,-0.99,2.541177,3],[605,4,-0.8100001,2.541177,3],[606,4,-0.63,2.541177,3],[607,4,-0.45,2.541177,3],[608,4,-0.27,2.541177,3],[581,4,-1.53,2.352941,3],[561,4,-1.53,2.164706,3],[407,4,-0.45,0.6588235,3],[408,4,-0.27,0.6588235,3],[409,4,-0.09,0.6588235,3],[410,4,0.09,0.6588235,3],[411,4,0.27,0.6588235,3],[412,4,0.45,0.6588235,3],[413,4,0.63,0.6588235,3],[414,4,0.8100001,0.6588235,3],[435,4,0.99,0.8470588,3],[455,4,0.99,1.035294,3],[511,5,0.27,1.6,1],[504,5,-0.99,1.6,1]]}