{"grid":{"x":15,"y":15},"data":[[196,1,-1.44,2.56],[198,1,-0.96,2.56],[200,1,-0.48,2.56],[202,1,0,2.56],[204,1,0.48,2.56],[206,1,0.96,2.56],[208,1,1.44,2.56],[181,1,-1.44,2.133333],[183,1,-0.96,2.133333],[185,1,-0.48,2.133333],[187,1,0,2.133333],[189,1,0.48,2.133333],[191,1,0.96,2.133333],[193,1,1.44,2.133333],[166,1,-1.44,1.706667],[168,1,-0.96,1.706667],[170,1,-0.48,1.706667],[172,1,0,1.706667],[174,1,0.48,1.706667],[176,1,0.96,1.706667],[178,1,1.44,1.706667],[151,1,-1.44,1.28],[153,1,-0.96,1.28],[155,1,-0.48,1.28],[157,1,0,1.28],[159,1,0.48,1.28],[161,1,0.96,1.28],[163,1,1.44,1.28],[136,1,-1.44,0.8533334],[138,1,-0.96,0.8533334],[140,1,-0.48,0.8533334],[142,1,0,0.8533334],[144,1,0.48,0.8533334],[146,1,0.96,0.8533334],[148,1,1.44,0.8533334],[121,1,-1.44,0.4266667],[123,1,-0.96,0.4266667],[125,1,-0.48,0.4266667],[127,1,0,0.4266667],[129,1,0.48,0.4266667],[131,1,0.96,0.4266667],[133,1,1.44,0.4266667]]}