{"grid":{"x":20,"y":34},"data":[[361,5,-1.53,0.282353,1],[382,4,-1.35,0.4705883,1],[403,4,-1.17,0.6588235,1],[424,4,-0.99,0.8470588,1],[445,4,-0.8100001,1.035294,1],[466,4,-0.63,1.223529,1],[487,4,-0.45,1.411765,1],[508,4,-0.27,1.6,1],[529,4,-0.09,1.788235,1],[550,4,0.09,1.976471,1],[571,4,0.27,2.164706,1],[592,4,0.45,2.352941,1],[611,4,0.27,2.541177,1],[631,4,0.27,2.729412,1],[632,4,0.45,2.729412,1],[633,4,0.63,2.729412,1],[613,4,0.63,2.541177,1],[383,4,-1.17,0.4705883,1],[404,4,-0.99,0.6588235,1],[405,4,-0.8100001,0.6588235,1],[426,4,-0.63,0.8470588,1],[427,4,-0.45,0.8470588,1],[448,4,-0.27,1.035294,1],[449,4,-0.09,1.035294,1],[470,4,0.09,1.223529,1],[471,4,0.27,1.223529,1],[492,4,0.45,1.411765,1],[493,4,0.63,1.411765,1],[514,4,0.8100001,1.6,1],[515,4,0.99,1.6,1],[536,4,1.17,1.788235,1],[537,4,1.35,1.788235,1],[558,4,1.53,1.976471,1],[577,4,1.35,2.164706,1],[597,4,1.35,2.352941,1],[598,4,1.53,2.352941,1],[599,4,1.71,2.352941,1],[579,4,1.71,2.164706,1],[381,2,-1.53,0.4705883,1],[402,2,-1.35,0.6588235,1],[422,2,-1.35,0.8470588,1],[443,2,-1.17,1.035294,1],[463,2,-1.17,1.223529,1],[484,2,-0.99,1.411765,1],[504,2,-0.99,1.6,1],[525,2,-0.8100001,1.788235,1],[545,2,-0.8100001,1.976471,1],[566,2,-0.63,2.164706,1],[586,2,-0.63,2.352941,1],[607,2,-0.45,2.541177,1],[626,2,-0.63,2.729412,1],[605,2,-0.8100001,2.541177,1],[625,2,-0.8100001,2.729412,1],[627,2,-0.45,2.729412,1],[384,1,-0.99,0.4705883,1],[406,1,-0.63,0.6588235,1],[407,1,-0.45,0.6588235,1],[430,1,0.09,0.8470588,1],[497,1,1.35,1.411765,1],[499,1,1.71,1.411765,1],[454,1,0.8100001,1.035294,1],[431,1,0.27,0.8470588,1],[408,1,-0.27,0.6588235,1],[385,1,-0.8100001,0.4705883,1],[409,1,-0.09,0.6588235,1],[432,1,0.45,0.8470588,1],[433,1,0.63,0.8470588,1],[455,1,0.99,1.035294,1],[456,1,1.17,1.035294,1],[457,1,1.35,1.035294,1],[478,1,1.53,1.223529,1],[517,1,1.35,1.6,1],[518,1,1.53,1.6,1],[519,1,1.71,1.6,1],[340,5,-1.71,0.09411766,1],[360,5,-1.71,0.282353,1],[341,5,-1.53,0.09411766,1],[380,5,-1.71,0.4705883,1]]}