{"grid":{"x":20,"y":34},"data":[[621,1,-1.53,2.729412,1],[622,1,-1.35,2.729412,1],[623,1,-1.17,2.729412,1],[624,1,-0.99,2.729412,1],[625,1,-0.8100001,2.729412,1],[626,1,-0.63,2.729412,1],[627,1,-0.45,2.729412,1],[628,1,-0.27,2.729412,1],[629,1,-0.09,2.729412,1],[630,1,0.09,2.729412,1],[631,1,0.27,2.729412,1],[632,1,0.45,2.729412,1],[633,1,0.63,2.729412,1],[634,1,0.8100001,2.729412,1],[635,1,0.99,2.729412,1],[636,1,1.17,2.729412,1],[637,1,1.35,2.729412,1],[638,1,1.53,2.729412,1],[618,1,1.53,2.541177,1],[598,1,1.53,2.352941,1],[578,1,1.53,2.164706,1],[577,1,1.35,2.164706,1],[576,1,1.17,2.164706,1],[575,1,0.99,2.164706,1],[574,1,0.8100001,2.164706,1],[573,1,0.63,2.164706,1],[572,1,0.45,2.164706,1],[571,1,0.27,2.164706,1],[570,1,0.09,2.164706,1],[569,1,-0.09,2.164706,1],[568,1,-0.27,2.164706,1],[567,1,-0.45,2.164706,1],[566,1,-0.63,2.164706,1],[565,1,-0.8100001,2.164706,1],[564,1,-0.99,2.164706,1],[563,1,-1.17,2.164706,1],[562,1,-1.35,2.164706,1],[561,1,-1.53,2.164706,1],[541,1,-1.53,1.976471,1],[521,1,-1.53,1.788235,1],[501,1,-1.53,1.6,1],[502,1,-1.35,1.6,1],[503,1,-1.17,1.6,1],[504,1,-0.99,1.6,1],[505,1,-0.8100001,1.6,1],[506,1,-0.63,1.6,1],[507,1,-0.45,1.6,1],[508,1,-0.27,1.6,1],[509,1,-0.09,1.6,1],[510,1,0.09,1.6,1],[511,1,0.27,1.6,1],[512,1,0.45,1.6,1],[513,1,0.63,1.6,1],[514,1,0.8100001,1.6,1],[515,1,0.99,1.6,1],[516,1,1.17,1.6,1],[517,1,1.35,1.6,1],[518,1,1.53,1.6,1],[498,1,1.53,1.411765,1],[478,1,1.53,1.223529,1],[458,1,1.53,1.035294,1],[457,1,1.35,1.035294,1],[456,1,1.17,1.035294,1],[455,1,0.99,1.035294,1],[454,1,0.8100001,1.035294,1],[453,1,0.63,1.035294,1],[452,1,0.45,1.035294,1],[451,1,0.27,1.035294,1],[450,1,0.09,1.035294,1],[449,1,-0.09,1.035294,1],[448,1,-0.27,1.035294,1],[447,1,-0.45,1.035294,1],[446,1,-0.63,1.035294,1],[445,1,-0.8100001,1.035294,1],[444,1,-0.99,1.035294,1],[443,1,-1.17,1.035294,1],[442,1,-1.35,1.035294,1],[441,1,-1.53,1.035294,1],[421,1,-1.53,0.8470588,1],[401,1,-1.53,0.6588235,1],[381,1,-1.53,0.4705883,1],[382,1,-1.35,0.4705883,1],[383,1,-1.17,0.4705883,1],[384,1,-0.99,0.4705883,1],[385,1,-0.8100001,0.4705883,1],[386,1,-0.63,0.4705883,1],[387,1,-0.45,0.4705883,1],[388,1,-0.27,0.4705883,1],[389,1,-0.09,0.4705883,1],[390,1,0.09,0.4705883,1],[391,1,0.27,0.4705883,1],[392,1,0.45,0.4705883,1],[393,1,0.63,0.4705883,1],[394,1,0.8100001,0.4705883,1],[395,1,0.99,0.4705883,1],[396,1,1.17,0.4705883,1],[397,1,1.35,0.4705883,1],[398,1,1.53,0.4705883,1],[601,2,-1.53,2.541177,2],[602,2,-1.35,2.541177,2],[603,2,-1.17,2.541177,2],[604,2,-0.99,2.541177,2],[605,2,-0.8100001,2.541177,2],[606,2,-0.63,2.541177,2],[607,2,-0.45,2.541177,2],[608,2,-0.27,2.541177,2],[609,2,-0.09,2.541177,2],[610,2,0.09,2.541177,2],[611,2,0.27,2.541177,2],[612,2,0.45,2.541177,2],[613,2,0.63,2.541177,2],[614,2,0.8100001,2.541177,2],[615,2,0.99,2.541177,2],[616,2,1.17,2.541177,2],[617,2,1.35,2.541177,2],[542,2,-1.35,1.976471,2],[543,2,-1.17,1.976471,2],[544,2,-0.99,1.976471,2],[545,2,-0.8100001,1.976471,2],[546,2,-0.63,1.976471,2],[547,2,-0.45,1.976471,2],[548,2,-0.27,1.976471,2],[549,2,-0.09,1.976471,2],[550,2,0.09,1.976471,2],[551,2,0.27,1.976471,2],[552,2,0.45,1.976471,2],[553,2,0.63,1.976471,2],[554,2,0.8100001,1.976471,2],[555,2,0.99,1.976471,2],[556,2,1.17,1.976471,2],[557,2,1.35,1.976471,2],[558,2,1.53,1.976471,2],[481,2,-1.53,1.411765,2],[482,2,-1.35,1.411765,2],[483,2,-1.17,1.411765,2],[484,2,-0.99,1.411765,2],[485,2,-0.8100001,1.411765,2],[486,2,-0.63,1.411765,2],[487,2,-0.45,1.411765,2],[488,2,-0.27,1.411765,2],[489,2,-0.09,1.411765,2],[490,2,0.09,1.411765,2],[491,2,0.27,1.411765,2],[492,2,0.45,1.411765,2],[493,2,0.63,1.411765,2],[494,2,0.8100001,1.411765,2],[495,2,0.99,1.411765,2],[496,2,1.17,1.411765,2],[497,2,1.35,1.411765,2],[422,2,-1.35,0.8470588,2],[423,2,-1.17,0.8470588,2],[424,2,-0.99,0.8470588,2],[425,2,-0.8100001,0.8470588,2],[426,2,-0.63,0.8470588,2],[427,2,-0.45,0.8470588,2],[428,2,-0.27,0.8470588,2],[429,2,-0.09,0.8470588,2],[430,2,0.09,0.8470588,2],[431,2,0.27,0.8470588,2],[432,2,0.45,0.8470588,2],[433,2,0.63,0.8470588,2],[434,2,0.8100001,0.8470588,2],[435,2,0.99,0.8470588,2],[436,2,1.17,0.8470588,2],[437,2,1.35,0.8470588,2],[438,2,1.53,0.8470588,2],[340,5,-1.71,0.09411766,2],[341,5,-1.53,0.09411766,2],[342,5,-1.35,0.09411766,2],[343,5,-1.17,0.09411766,2],[344,5,-0.99,0.09411766,2],[345,5,-0.8100001,0.09411766,2],[346,5,-0.63,0.09411766,2],[347,5,-0.45,0.09411766,2],[348,5,-0.27,0.09411766,2],[349,5,-0.09,0.09411766,2],[350,5,0.09,0.09411766,2],[351,5,0.27,0.09411766,2],[352,5,0.45,0.09411766,2],[353,5,0.63,0.09411766,2],[354,5,0.8100001,0.09411766,2],[355,5,0.99,0.09411766,2],[356,5,1.17,0.09411766,2],[357,5,1.35,0.09411766,2],[358,5,1.53,0.09411766,2],[359,5,1.71,0.09411766,2]]}