{"grid":{"x":20,"y":34},"data":[[382,4,-1.35,0.4705883,1],[447,4,-0.45,1.035294,1],[554,4,0.8100001,1.976471,1],[416,4,1.17,0.6588235,1],[581,4,-1.53,2.352941,1],[629,4,-0.09,2.729412,1],[372,4,0.45,0.282353,1],[402,2,-1.35,0.6588235,1],[403,2,-1.17,0.6588235,1],[383,2,-1.17,0.4705883,1],[401,2,-1.53,0.6588235,1],[381,2,-1.53,0.4705883,1],[421,2,-1.53,0.8470588,1],[422,2,-1.35,0.8470588,1],[423,2,-1.17,0.8470588,1],[380,2,-1.71,0.4705883,1],[400,2,-1.71,0.6588235,1],[404,2,-0.99,0.6588235,1],[384,2,-0.99,0.4705883,1],[446,2,-0.63,1.035294,1],[448,2,-0.27,1.035294,1],[449,2,-0.09,1.035294,1],[445,2,-0.8100001,1.035294,1],[465,2,-0.8100001,1.223529,1],[466,2,-0.63,1.223529,1],[467,2,-0.45,1.223529,1],[468,2,-0.27,1.223529,1],[469,2,-0.09,1.223529,1],[486,2,-0.63,1.411765,1],[487,2,-0.45,1.411765,1],[488,2,-0.27,1.411765,1],[370,2,0.09,0.282353,1],[371,2,0.27,0.282353,1],[373,2,0.63,0.282353,1],[374,2,0.8100001,0.282353,1],[390,2,0.09,0.4705883,1],[391,2,0.27,0.4705883,1],[392,2,0.45,0.4705883,1],[393,2,0.63,0.4705883,1],[394,2,0.8100001,0.4705883,1],[411,2,0.27,0.6588235,1],[412,2,0.45,0.6588235,1],[413,2,0.63,0.6588235,1],[414,2,0.8100001,0.6588235,1],[415,2,0.99,0.6588235,1],[417,2,1.35,0.6588235,1],[418,2,1.53,0.6588235,1],[434,2,0.8100001,0.8470588,1],[435,2,0.99,0.8470588,1],[436,2,1.17,0.8470588,1],[437,2,1.35,0.8470588,1],[438,2,1.53,0.8470588,1],[455,2,0.99,1.035294,1],[456,2,1.17,1.035294,1],[457,2,1.35,1.035294,1],[552,2,0.45,1.976471,1],[553,2,0.63,1.976471,1],[555,2,0.99,1.976471,1],[556,2,1.17,1.976471,1],[572,2,0.45,2.164706,1],[573,2,0.63,2.164706,1],[574,2,0.8100001,2.164706,1],[575,2,0.99,2.164706,1],[576,2,1.17,2.164706,1],[593,2,0.63,2.352941,1],[594,2,0.8100001,2.352941,1],[595,2,0.99,2.352941,1],[627,2,-0.45,2.729412,1],[628,2,-0.27,2.729412,1],[630,2,0.09,2.729412,1],[631,2,0.27,2.729412,1],[608,2,-0.27,2.541177,1],[580,2,-1.71,2.352941,1],[582,2,-1.35,2.352941,1],[583,2,-1.17,2.352941,1],[600,2,-1.71,2.541177,1],[601,2,-1.53,2.541177,1],[602,2,-1.35,2.541177,1],[603,2,-1.17,2.541177,1],[620,2,-1.71,2.729412,1],[621,2,-1.53,2.729412,1],[622,2,-1.35,2.729412,1],[523,4,-1.17,1.788235,1],[568,4,-0.27,2.164706,1],[495,4,0.99,1.411765,1],[521,2,-1.53,1.788235,1],[522,2,-1.35,1.788235,1],[524,2,-0.99,1.788235,1],[525,2,-0.8100001,1.788235,1],[541,2,-1.53,1.976471,1],[542,2,-1.35,1.976471,1],[543,2,-1.17,1.976471,1],[544,2,-0.99,1.976471,1],[545,2,-0.8100001,1.976471,1],[562,2,-1.35,2.164706,1],[563,2,-1.17,2.164706,1],[564,2,-0.99,2.164706,1],[566,2,-0.63,2.164706,1],[567,2,-0.45,2.164706,1],[569,2,-0.09,2.164706,1],[570,2,0.09,2.164706,1],[586,2,-0.63,2.352941,1],[587,2,-0.45,2.352941,1],[588,2,-0.27,2.352941,1],[589,2,-0.09,2.352941,1],[590,2,0.09,2.352941,1],[607,2,-0.45,2.541177,1],[609,2,-0.09,2.541177,1],[493,2,0.63,1.411765,1],[494,2,0.8100001,1.411765,1],[496,2,1.17,1.411765,1],[497,2,1.35,1.411765,1],[513,2,0.63,1.6,1],[514,2,0.8100001,1.6,1],[515,2,0.99,1.6,1],[516,2,1.17,1.6,1],[517,2,1.35,1.6,1],[534,2,0.8100001,1.788235,1],[535,2,0.99,1.788235,1],[536,2,1.17,1.788235,1]]}