{"grid":{"x":20,"y":34},"data":[[421,4,-1.53,0.8470588,1],[424,4,-0.99,0.8470588,1],[427,4,-0.45,0.8470588,1],[432,4,0.45,0.8470588,1],[435,4,0.99,0.8470588,1],[438,4,1.53,0.8470588,1],[481,4,-1.53,1.411765,1],[484,4,-0.99,1.411765,1],[487,4,-0.45,1.411765,1],[492,4,0.45,1.411765,1],[495,4,0.99,1.411765,1],[498,4,1.53,1.411765,1],[541,4,-1.53,1.976471,1],[544,4,-0.99,1.976471,1],[547,4,-0.45,1.976471,1],[552,4,0.45,1.976471,1],[555,4,0.99,1.976471,1],[558,4,1.53,1.976471,1],[442,1,-1.35,1.035294,1],[443,1,-1.17,1.035294,1],[445,1,-0.8100001,1.035294,1],[446,1,-0.63,1.035294,1],[453,1,0.63,1.035294,1],[454,1,0.8100001,1.035294,1],[456,1,1.17,1.035294,1],[457,1,1.35,1.035294,1],[502,1,-1.35,1.6,1],[503,1,-1.17,1.6,1],[562,1,-1.35,2.164706,1],[563,1,-1.17,2.164706,1],[505,1,-0.8100001,1.6,1],[506,1,-0.63,1.6,1],[565,1,-0.8100001,2.164706,1],[566,1,-0.63,2.164706,1],[513,1,0.63,1.6,1],[514,1,0.8100001,1.6,1],[573,1,0.63,2.164706,1],[574,1,0.8100001,2.164706,1],[516,1,1.17,1.6,1],[517,1,1.35,1.6,1],[576,1,1.17,2.164706,1],[577,1,1.35,2.164706,1],[402,1,-1.35,0.6588235,1],[403,1,-1.17,0.6588235,1],[405,1,-0.8100001,0.6588235,1],[406,1,-0.63,0.6588235,1],[413,1,0.63,0.6588235,1],[414,1,0.8100001,0.6588235,1],[416,1,1.17,0.6588235,1],[417,1,1.35,0.6588235,1],[462,1,-1.35,1.223529,1],[463,1,-1.17,1.223529,1],[465,1,-0.8100001,1.223529,1],[466,1,-0.63,1.223529,1],[522,1,-1.35,1.788235,1],[523,1,-1.17,1.788235,1],[525,1,-0.8100001,1.788235,1],[526,1,-0.63,1.788235,1],[533,1,0.63,1.788235,1],[534,1,0.8100001,1.788235,1],[536,1,1.17,1.788235,1],[537,1,1.35,1.788235,1],[473,1,0.63,1.223529,1],[474,1,0.8100001,1.223529,1],[476,1,1.17,1.223529,1],[477,1,1.35,1.223529,1],[582,1,-1.35,2.352941,1],[583,1,-1.17,2.352941,1],[585,1,-0.8100001,2.352941,1],[586,1,-0.63,2.352941,1],[593,1,0.63,2.352941,1],[594,1,0.8100001,2.352941,1],[596,1,1.17,2.352941,1],[597,1,1.35,2.352941,1],[382,1,-1.35,0.4705883,1],[383,1,-1.17,0.4705883,1],[385,1,-0.8100001,0.4705883,1],[386,1,-0.63,0.4705883,1],[393,1,0.63,0.4705883,1],[394,1,0.8100001,0.4705883,1],[396,1,1.17,0.4705883,1],[397,1,1.35,0.4705883,1],[361,4,-1.53,0.282353,1],[364,4,-0.99,0.282353,1],[367,4,-0.45,0.282353,1],[372,4,0.45,0.282353,1],[375,4,0.99,0.282353,1],[378,4,1.53,0.282353,1],[601,4,-1.53,2.541177,1],[604,4,-0.99,2.541177,1],[607,4,-0.45,2.541177,1],[612,4,0.45,2.541177,1],[615,4,0.99,2.541177,1],[618,4,1.53,2.541177,1],[629,5,-0.09,2.729412,1],[630,5,0.09,2.729412,1]]}