{"grid":{"x":20,"y":34},"data":[[361,4,-1.53,0.282353,1],[365,4,-0.8100001,0.282353,1],[359,4,1.71,0.09411766,1],[377,4,1.35,0.282353,1],[355,4,0.99,0.09411766,1],[373,4,0.63,0.282353,1],[372,3,0.45,0.282353,3],[349,1,-0.09,0.09411766,3],[351,4,0.27,0.09411766,1],[369,4,-0.09,0.282353,1],[347,4,-0.45,0.09411766,1],[343,4,-1.17,0.09411766,1],[400,4,-1.71,0.6588235,1],[422,4,-1.35,0.8470588,1],[404,4,-0.99,0.6588235,1],[426,4,-0.63,0.8470588,1],[408,4,-0.27,0.6588235,1],[430,4,0.09,0.8470588,1],[431,3,0.27,0.8470588,3],[412,4,0.45,0.6588235,1],[434,4,0.8100001,0.8470588,1],[416,4,1.17,0.6588235,1],[438,4,1.53,0.8470588,1],[479,4,1.71,1.223529,1],[497,4,1.35,1.411765,1],[475,4,0.99,1.223529,1],[493,4,0.63,1.411765,1],[471,4,0.27,1.223529,1],[489,4,-0.09,1.411765,1],[467,4,-0.45,1.223529,1],[485,4,-0.8100001,1.411765,1],[463,4,-1.17,1.223529,1],[481,4,-1.53,1.411765,1],[520,4,-1.71,1.788235,1],[542,4,-1.35,1.976471,1],[524,4,-0.99,1.788235,1],[546,4,-0.63,1.976471,1],[547,2,-0.45,1.976471,3],[528,4,-0.27,1.788235,1],[550,4,0.09,1.976471,1],[532,4,0.45,1.788235,1],[554,4,0.8100001,1.976471,1],[536,4,1.17,1.788235,1],[558,4,1.53,1.976471,1],[599,4,1.71,2.352941,1],[617,4,1.35,2.541177,1],[595,4,0.99,2.352941,1],[613,4,0.63,2.541177,1],[591,4,0.27,2.352941,1],[609,4,-0.09,2.541177,1],[587,4,-0.45,2.352941,1],[605,4,-0.8100001,2.541177,1],[583,4,-1.17,2.352941,1],[601,4,-1.53,2.541177,1],[357,1,1.35,0.09411766,3],[353,1,0.63,0.09411766,3],[345,1,-0.8100001,0.09411766,3],[341,1,-1.53,0.09411766,3],[402,2,-1.35,0.6588235,3],[406,2,-0.63,0.6588235,3],[410,2,0.09,0.6588235,3],[414,2,0.8100001,0.6588235,3],[418,2,1.53,0.6588235,3],[461,3,-1.53,1.223529,3],[465,3,-0.8100001,1.223529,3],[469,3,-0.09,1.223529,3],[473,3,0.63,1.223529,3],[477,3,1.35,1.223529,3],[522,1,-1.35,1.788235,3],[526,1,-0.63,1.788235,3],[530,1,0.09,1.788235,3],[534,1,0.8100001,1.788235,3],[538,1,1.53,1.788235,3],[581,2,-1.53,2.352941,3],[585,2,-0.8100001,2.352941,3],[589,2,-0.09,2.352941,3],[593,2,0.63,2.352941,3],[597,2,1.35,2.352941,3],[376,3,1.17,0.282353,3],[368,3,-0.27,0.282353,3],[364,3,-0.99,0.282353,3],[437,1,1.35,0.8470588,3],[433,1,0.63,0.8470588,3],[429,1,-0.09,0.8470588,3],[425,1,-0.8100001,0.8470588,3],[421,1,-1.53,0.8470588,3],[496,2,1.17,1.411765,3],[492,2,0.45,1.411765,3],[488,2,-0.27,1.411765,3],[484,2,-0.99,1.411765,3],[557,3,1.35,1.976471,3],[553,3,0.63,1.976471,3],[549,3,-0.09,1.976471,3],[545,3,-0.8100001,1.976471,3],[541,3,-1.53,1.976471,3],[616,1,1.17,2.541177,3],[612,1,0.45,2.541177,3],[608,1,-0.27,2.541177,3],[604,1,-0.99,2.541177,3],[362,2,-1.35,0.282353,3],[366,2,-0.63,0.282353,3],[370,2,0.09,0.282353,3],[374,2,0.8100001,0.282353,3],[378,2,1.53,0.282353,3],[543,2,-1.17,1.976471,3],[551,2,0.27,1.976471,3],[555,2,0.99,1.976471,3],[423,3,-1.17,0.8470588,3],[427,3,-0.45,0.8470588,3],[435,3,0.99,0.8470588,3],[606,3,-0.63,2.541177,3],[602,3,-1.35,2.541177,3],[610,3,0.09,2.541177,3],[614,3,0.8100001,2.541177,3],[618,3,1.53,2.541177,3],[482,1,-1.35,1.411765,3],[486,1,-0.63,1.411765,3],[490,1,0.09,1.411765,3],[494,1,0.8100001,1.411765,3],[498,1,1.53,1.411765,3],[442,2,-1.35,1.035294,3],[446,2,-0.63,1.035294,3],[450,2,0.09,1.035294,3],[454,2,0.8100001,1.035294,3],[458,2,1.53,1.035294,3]]}