{"grid":{"x":20,"y":34},"data":[[422,1,-1.35,0.8470588,1],[425,1,-0.8100001,0.8470588,1],[600,1,-1.71,2.541177,1],[601,1,-1.53,2.541177,1],[580,1,-1.71,2.352941,1],[581,1,-1.53,2.352941,1],[582,1,-1.35,2.352941,1],[583,1,-1.17,2.352941,1],[560,1,-1.71,2.164706,1],[561,1,-1.53,2.164706,1],[562,1,-1.35,2.164706,1],[563,1,-1.17,2.164706,1],[564,1,-0.99,2.164706,1],[565,1,-0.8100001,2.164706,1],[540,1,-1.71,1.976471,1],[541,1,-1.53,1.976471,1],[542,1,-1.35,1.976471,1],[543,1,-1.17,1.976471,1],[544,1,-0.99,1.976471,1],[545,1,-0.8100001,1.976471,1],[546,1,-0.63,1.976471,1],[547,1,-0.45,1.976471,1],[520,1,-1.71,1.788235,1],[521,1,-1.53,1.788235,1],[522,1,-1.35,1.788235,1],[523,1,-1.17,1.788235,1],[524,1,-0.99,1.788235,1],[525,1,-0.8100001,1.788235,1],[526,1,-0.63,1.788235,1],[527,1,-0.45,1.788235,1],[528,1,-0.27,1.788235,1],[529,1,-0.09,1.788235,1],[500,1,-1.71,1.6,1],[501,1,-1.53,1.6,1],[502,1,-1.35,1.6,1],[503,1,-1.17,1.6,1],[504,1,-0.99,1.6,1],[505,1,-0.8100001,1.6,1],[506,1,-0.63,1.6,1],[507,1,-0.45,1.6,1],[508,1,-0.27,1.6,1],[509,1,-0.09,1.6,1],[510,1,0.09,1.6,1],[511,1,0.27,1.6,1],[480,1,-1.71,1.411765,1],[481,1,-1.53,1.411765,1],[482,1,-1.35,1.411765,1],[483,1,-1.17,1.411765,1],[484,1,-0.99,1.411765,1],[485,1,-0.8100001,1.411765,1],[486,1,-0.63,1.411765,1],[487,1,-0.45,1.411765,1],[488,1,-0.27,1.411765,1],[489,1,-0.09,1.411765,1],[490,1,0.09,1.411765,1],[491,1,0.27,1.411765,1],[492,1,0.45,1.411765,1],[493,1,0.63,1.411765,1],[460,1,-1.71,1.223529,1],[461,1,-1.53,1.223529,1],[463,1,-1.17,1.223529,1],[468,1,-0.27,1.223529,1],[466,1,-0.63,1.223529,1],[465,1,-0.8100001,1.223529,1],[467,1,-0.45,1.223529,1],[464,1,-0.99,1.223529,1],[469,1,-0.09,1.223529,1],[470,1,0.09,1.223529,1],[471,1,0.27,1.223529,1],[472,1,0.45,1.223529,1],[473,1,0.63,1.223529,1],[474,1,0.8100001,1.223529,1],[475,1,0.99,1.223529,1],[462,1,-1.35,1.223529,1],[440,1,-1.71,1.035294,1],[441,1,-1.53,1.035294,1],[442,1,-1.35,1.035294,1],[443,1,-1.17,1.035294,1],[444,1,-0.99,1.035294,1],[445,1,-0.8100001,1.035294,1],[446,1,-0.63,1.035294,1],[447,1,-0.45,1.035294,1],[448,1,-0.27,1.035294,1],[449,1,-0.09,1.035294,1],[450,1,0.09,1.035294,1],[451,1,0.27,1.035294,1],[452,1,0.45,1.035294,1],[453,1,0.63,1.035294,1],[454,1,0.8100001,1.035294,1],[455,1,0.99,1.035294,1],[456,1,1.17,1.035294,1],[457,1,1.35,1.035294,1],[420,1,-1.71,0.8470588,1],[421,1,-1.53,0.8470588,1],[423,1,-1.17,0.8470588,1],[424,1,-0.99,0.8470588,1],[426,1,-0.63,0.8470588,1],[427,1,-0.45,0.8470588,1],[428,1,-0.27,0.8470588,1],[429,1,-0.09,0.8470588,1],[430,1,0.09,0.8470588,1],[431,1,0.27,0.8470588,1],[432,1,0.45,0.8470588,1],[433,1,0.63,0.8470588,1],[434,1,0.8100001,0.8470588,1],[435,1,0.99,0.8470588,1],[436,1,1.17,0.8470588,1],[437,1,1.35,0.8470588,1],[438,1,1.53,0.8470588,1],[439,1,1.71,0.8470588,1],[340,5,-1.71,0.09411766,2],[343,5,-1.17,0.09411766,2],[344,5,-0.99,0.09411766,2],[349,5,-0.09,0.09411766,2],[350,5,0.09,0.09411766,2],[347,5,-0.45,0.09411766,2],[346,5,-0.63,0.09411766,2],[352,5,0.45,0.09411766,2],[353,5,0.63,0.09411766,2],[355,5,0.99,0.09411766,2],[356,5,1.17,0.09411766,2],[341,5,-1.53,0.09411766,2],[358,5,1.53,0.09411766,2],[359,5,1.71,0.09411766,2]]}