{"grid":{"x":20,"y":34},"data":[[602,2,-1.35,2.541177,1],[582,2,-1.35,2.352941,1],[562,2,-1.35,2.164706,1],[542,2,-1.35,1.976471,1],[522,2,-1.35,1.788235,1],[502,2,-1.35,1.6,1],[482,2,-1.35,1.411765,1],[462,2,-1.35,1.223529,1],[442,2,-1.35,1.035294,1],[422,2,-1.35,0.8470588,1],[402,2,-1.35,0.6588235,1],[382,2,-1.35,0.4705883,1],[362,2,-1.35,0.282353,1],[365,2,-0.8100001,0.282353,1],[385,2,-0.8100001,0.4705883,1],[405,2,-0.8100001,0.6588235,1],[425,2,-0.8100001,0.8470588,1],[445,2,-0.8100001,1.035294,1],[465,2,-0.8100001,1.223529,1],[485,2,-0.8100001,1.411765,1],[505,2,-0.8100001,1.6,1],[525,2,-0.8100001,1.788235,1],[545,2,-0.8100001,1.976471,1],[565,2,-0.8100001,2.164706,1],[585,2,-0.8100001,2.352941,1],[605,2,-0.8100001,2.541177,1],[368,2,-0.27,0.282353,1],[388,2,-0.27,0.4705883,1],[408,2,-0.27,0.6588235,1],[428,2,-0.27,0.8470588,1],[448,2,-0.27,1.035294,1],[468,2,-0.27,1.223529,1],[488,2,-0.27,1.411765,1],[508,2,-0.27,1.6,1],[528,2,-0.27,1.788235,1],[548,2,-0.27,1.976471,1],[568,2,-0.27,2.164706,1],[588,2,-0.27,2.352941,1],[608,2,-0.27,2.541177,1],[371,2,0.27,0.282353,1],[391,2,0.27,0.4705883,1],[411,2,0.27,0.6588235,1],[431,2,0.27,0.8470588,1],[451,2,0.27,1.035294,1],[471,2,0.27,1.223529,1],[491,2,0.27,1.411765,1],[511,2,0.27,1.6,1],[531,2,0.27,1.788235,1],[551,2,0.27,1.976471,1],[571,2,0.27,2.164706,1],[591,2,0.27,2.352941,1],[611,2,0.27,2.541177,1],[374,2,0.8100001,0.282353,1],[394,2,0.8100001,0.4705883,1],[414,2,0.8100001,0.6588235,1],[434,2,0.8100001,0.8470588,1],[454,2,0.8100001,1.035294,1],[474,2,0.8100001,1.223529,1],[494,2,0.8100001,1.411765,1],[514,2,0.8100001,1.6,1],[534,2,0.8100001,1.788235,1],[554,2,0.8100001,1.976471,1],[574,2,0.8100001,2.164706,1],[594,2,0.8100001,2.352941,1],[614,2,0.8100001,2.541177,1],[377,2,1.35,0.282353,1],[397,2,1.35,0.4705883,1],[417,2,1.35,0.6588235,1],[437,2,1.35,0.8470588,1],[457,2,1.35,1.035294,1],[477,2,1.35,1.223529,1],[497,2,1.35,1.411765,1],[517,2,1.35,1.6,1],[537,2,1.35,1.788235,1],[557,2,1.35,1.976471,1],[577,2,1.35,2.164706,1],[597,2,1.35,2.352941,1],[617,2,1.35,2.541177,1],[621,5,-1.53,2.729412,1],[638,5,1.53,2.729412,1],[627,5,-0.45,2.729412,1],[632,5,0.45,2.729412,1],[624,5,-0.99,2.729412,1],[635,5,0.99,2.729412,1]]}