{"grid":{"x":20,"y":34},"data":[[382,2,-1.35,0.4705883,3],[383,4,-1.17,0.4705883,1],[396,4,1.17,0.4705883,1],[397,2,1.35,0.4705883,3],[602,5,-1.35,2.541177,2],[603,5,-1.17,2.541177,2],[616,5,1.17,2.541177,2],[617,5,1.35,2.541177,2],[509,5,-0.09,1.6,2],[489,5,-0.09,1.411765,2],[490,5,0.09,1.411765,2],[510,5,0.09,1.6,2],[580,1,-1.71,2.352941,3],[581,1,-1.53,2.352941,3],[582,1,-1.35,2.352941,3],[583,1,-1.17,2.352941,3],[564,1,-0.99,2.164706,3],[565,1,-0.8100001,2.164706,3],[566,1,-0.63,2.164706,3],[567,1,-0.45,2.164706,3],[548,1,-0.27,1.976471,3],[528,1,-0.27,1.788235,3],[551,1,0.27,1.976471,3],[531,1,0.27,1.788235,3],[572,1,0.45,2.164706,3],[573,1,0.63,2.164706,3],[574,1,0.8100001,2.164706,3],[575,1,0.99,2.164706,3],[596,1,1.17,2.352941,3],[597,1,1.35,2.352941,3],[598,1,1.53,2.352941,3],[599,1,1.71,2.352941,3],[387,1,-0.45,0.4705883,3],[388,1,-0.27,0.4705883,3],[389,1,-0.09,0.4705883,3],[390,1,0.09,0.4705883,3],[391,1,0.27,0.4705883,3],[392,1,0.45,0.4705883,3],[400,2,-1.71,0.6588235,2],[401,2,-1.53,0.6588235,2],[402,2,-1.35,0.6588235,2],[403,2,-1.17,0.6588235,2],[404,2,-0.99,0.6588235,2],[405,2,-0.8100001,0.6588235,2],[406,2,-0.63,0.6588235,2],[413,2,0.63,0.6588235,2],[414,2,0.8100001,0.6588235,2],[415,2,0.99,0.6588235,2],[416,2,1.17,0.6588235,2],[417,2,1.35,0.6588235,2],[418,2,1.53,0.6588235,2],[419,2,1.71,0.6588235,2],[508,3,-0.27,1.6,3],[488,3,-0.27,1.411765,3],[468,3,-0.27,1.223529,3],[469,3,-0.09,1.223529,3],[470,3,0.09,1.223529,3],[471,3,0.27,1.223529,3],[491,3,0.27,1.411765,3],[511,3,0.27,1.6,3],[547,3,-0.45,1.976471,3],[449,4,-0.09,1.035294,1],[450,4,0.09,1.035294,1],[560,3,-1.71,2.164706,3],[561,3,-1.53,2.164706,3],[562,3,-1.35,2.164706,3],[563,3,-1.17,2.164706,3],[545,3,-0.8100001,1.976471,3],[546,3,-0.63,1.976471,3],[552,3,0.45,1.976471,3],[553,3,0.63,1.976471,3],[554,3,0.8100001,1.976471,3],[555,3,0.99,1.976471,3],[576,3,1.17,2.164706,3],[577,3,1.35,2.164706,3],[578,3,1.53,2.164706,3],[579,3,1.71,2.164706,3],[556,4,1.17,1.976471,1],[544,3,-0.99,1.976471,3],[543,4,-1.17,1.976471,1],[584,4,-0.99,2.352941,1],[595,4,0.99,2.352941,1],[395,2,0.99,0.4705883,3],[398,4,1.53,0.4705883,1],[380,2,-1.71,0.4705883,3],[381,4,-1.53,0.4705883,1],[384,2,-0.99,0.4705883,3],[385,4,-0.8100001,0.4705883,1],[386,2,-0.63,0.4705883,3],[393,2,0.63,0.4705883,3],[394,4,0.8100001,0.4705883,1],[399,2,1.71,0.4705883,3],[424,5,-0.99,0.8470588,2],[422,5,-1.35,0.8470588,2],[435,5,0.99,0.8470588,2],[437,5,1.35,0.8470588,2]]}