{"grid":{"x":20,"y":34},"data":[[609,4,-0.09,2.541177,1],[629,4,-0.09,2.729412,1],[630,4,0.09,2.729412,1],[610,4,0.09,2.541177,1],[588,4,-0.27,2.352941,1],[568,4,-0.27,2.164706,1],[591,4,0.27,2.352941,1],[571,4,0.27,2.164706,1],[547,4,-0.45,1.976471,1],[552,4,0.45,1.976471,1],[526,4,-0.63,1.788235,1],[524,4,-0.99,1.788235,1],[536,4,1.17,1.788235,1],[535,4,0.99,1.788235,1],[504,1,-0.99,1.6,4],[502,4,-1.35,1.6,1],[505,1,-0.8100001,1.6,4],[506,1,-0.63,1.6,4],[507,1,-0.45,1.6,4],[509,1,-0.09,1.6,4],[510,1,0.09,1.6,4],[512,1,0.45,1.6,4],[513,1,0.63,1.6,4],[514,1,0.8100001,1.6,4],[527,2,-0.45,1.788235,4],[528,2,-0.27,1.788235,4],[529,2,-0.09,1.788235,4],[530,2,0.09,1.788235,4],[531,2,0.27,1.788235,4],[532,2,0.45,1.788235,4],[533,4,0.63,1.788235,1],[537,4,1.35,1.788235,1],[525,4,-0.8100001,1.788235,1],[534,4,0.8100001,1.788235,1],[523,4,-1.17,1.788235,1],[522,4,-1.35,1.788235,1],[521,4,-1.53,1.788235,1],[538,4,1.53,1.788235,1],[483,4,-1.17,1.411765,1],[464,4,-0.99,1.223529,1],[517,4,1.35,1.6,1],[496,4,1.17,1.411765,1],[475,4,0.99,1.223529,1],[445,4,-0.8100001,1.035294,1],[454,4,0.8100001,1.035294,1],[404,4,-0.99,0.6588235,1],[363,4,-1.17,0.282353,1],[342,4,-1.35,0.09411766,1],[415,4,0.99,0.6588235,1],[376,4,1.17,0.282353,1],[357,4,1.35,0.09411766,1],[364,2,-0.99,0.282353,4],[365,2,-0.8100001,0.282353,4],[425,4,-0.8100001,0.8470588,1],[384,4,-0.99,0.4705883,1],[343,4,-1.17,0.09411766,1],[395,4,0.99,0.4705883,1],[434,4,0.8100001,0.8470588,1],[409,4,-0.09,0.6588235,1],[410,4,0.09,0.6588235,1],[388,4,-0.27,0.4705883,1],[367,4,-0.45,0.282353,1],[344,4,-0.99,0.09411766,1],[385,1,-0.8100001,0.4705883,4],[405,2,-0.8100001,0.6588235,4],[366,4,-0.63,0.282353,1],[345,4,-0.8100001,0.09411766,1],[391,4,0.27,0.4705883,1],[372,4,0.45,0.282353,1],[373,4,0.63,0.282353,1],[354,4,0.8100001,0.09411766,1],[355,4,0.99,0.09411766,1],[356,4,1.17,0.09411766,1],[589,1,-0.09,2.352941,4],[590,1,0.09,2.352941,4],[548,1,-0.27,1.976471,4],[549,1,-0.09,1.976471,4],[550,1,0.09,1.976471,4],[551,1,0.27,1.976471,4],[503,1,-1.17,1.6,4],[508,1,-0.27,1.6,4],[511,1,0.27,1.6,4],[515,1,0.99,1.6,4],[516,1,1.17,1.6,4],[465,1,-0.8100001,1.223529,4],[466,1,-0.63,1.223529,4],[467,1,-0.45,1.223529,4],[468,1,-0.27,1.223529,4],[469,5,-0.09,1.223529,2],[470,5,0.09,1.223529,2],[471,1,0.27,1.223529,4],[472,1,0.45,1.223529,4],[473,1,0.63,1.223529,4],[474,1,0.8100001,1.223529,4],[426,1,-0.63,0.8470588,4],[427,1,-0.45,0.8470588,4],[428,1,-0.27,0.8470588,4],[429,1,-0.09,0.8470588,4],[430,1,0.09,0.8470588,4],[431,1,0.27,0.8470588,4],[432,1,0.45,0.8470588,4],[433,1,0.63,0.8470588,4],[386,1,-0.63,0.4705883,4],[387,1,-0.45,0.4705883,4],[392,1,0.45,0.4705883,4],[393,1,0.63,0.4705883,4],[394,1,0.8100001,0.4705883,4],[569,2,-0.09,2.164706,4],[570,2,0.09,2.164706,4],[484,2,-0.99,1.411765,4],[485,2,-0.8100001,1.411765,4],[486,2,-0.63,1.411765,4],[487,2,-0.45,1.411765,4],[488,2,-0.27,1.411765,4],[489,5,-0.09,1.411765,2],[490,5,0.09,1.411765,2],[491,2,0.27,1.411765,4],[492,2,0.45,1.411765,4],[493,2,0.63,1.411765,4],[494,2,0.8100001,1.411765,4],[495,2,0.99,1.411765,4],[446,2,-0.63,1.035294,4],[447,2,-0.45,1.035294,4],[448,2,-0.27,1.035294,4],[449,2,-0.09,1.035294,4],[450,2,0.09,1.035294,4],[451,2,0.27,1.035294,4],[452,2,0.45,1.035294,4],[453,2,0.63,1.035294,4],[406,2,-0.63,0.6588235,4],[407,2,-0.45,0.6588235,4],[408,2,-0.27,0.6588235,4],[411,2,0.27,0.6588235,4],[412,2,0.45,0.6588235,4],[413,2,0.63,0.6588235,4],[414,2,0.8100001,0.6588235,4],[374,2,0.8100001,0.282353,4],[375,2,0.99,0.282353,4]]}