{"grid":{"x":20,"y":34},"data":[[422,4,-1.35,0.8470588,1],[402,4,-1.35,0.6588235,1],[382,4,-1.35,0.4705883,1],[363,4,-1.17,0.282353,1],[364,4,-0.99,0.282353,1],[365,4,-0.8100001,0.282353,1],[386,4,-0.63,0.4705883,1],[388,4,-0.27,0.4705883,1],[408,4,-0.27,0.6588235,1],[428,4,-0.27,0.8470588,1],[432,4,0.45,0.8470588,1],[412,4,0.45,0.6588235,1],[392,4,0.45,0.4705883,1],[369,4,-0.09,0.282353,1],[370,4,0.09,0.282353,1],[371,4,0.27,0.282353,1],[374,4,0.8100001,0.282353,1],[394,4,0.8100001,0.4705883,1],[414,4,0.8100001,0.6588235,1],[434,4,0.8100001,0.8470588,1],[454,4,0.8100001,1.035294,1],[458,4,1.53,1.035294,1],[438,4,1.53,0.8470588,1],[418,4,1.53,0.6588235,1],[398,4,1.53,0.4705883,1],[378,4,1.53,0.282353,1],[601,5,-1.53,2.541177,1],[581,5,-1.53,2.352941,1],[561,5,-1.53,2.164706,1],[541,5,-1.53,1.976471,1],[522,5,-1.35,1.788235,1],[524,5,-0.99,1.788235,1],[543,5,-1.17,1.976471,1],[545,5,-0.8100001,1.976471,1],[565,5,-0.8100001,2.164706,1],[585,5,-0.8100001,2.352941,1],[605,5,-0.8100001,2.541177,1],[563,5,-1.17,2.164706,1],[583,5,-1.17,2.352941,1],[607,5,-0.45,2.541177,1],[587,5,-0.45,2.352941,1],[567,5,-0.45,2.164706,1],[547,5,-0.45,1.976471,1],[527,5,-0.45,1.788235,1],[528,5,-0.27,1.788235,1],[529,5,-0.09,1.788235,1],[530,5,0.09,1.788235,1],[568,5,-0.27,2.164706,1],[569,5,-0.09,2.164706,1],[533,5,0.63,1.788235,1],[534,5,0.8100001,1.788235,1],[536,5,1.17,1.788235,1],[537,5,1.35,1.788235,1],[416,4,1.17,0.6588235,1],[443,4,-1.17,1.035294,1],[444,4,-0.99,1.035294,1],[445,4,-0.8100001,1.035294,1],[449,4,-0.09,1.035294,1],[450,4,0.09,1.035294,1],[451,4,0.27,1.035294,1],[426,4,-0.63,0.8470588,1],[435,4,0.99,0.8470588,1],[437,4,1.35,0.8470588,1],[608,5,-0.27,2.541177,1],[609,5,-0.09,2.541177,1],[610,5,0.09,2.541177,1],[535,5,0.99,1.788235,1],[611,5,0.27,2.541177,1],[531,5,0.27,1.788235,1],[570,5,0.09,2.164706,1],[613,5,0.63,2.541177,1],[593,5,0.63,2.352941,1],[573,5,0.63,2.164706,1],[553,5,0.63,1.976471,1]]}