{"grid":{"x":20,"y":34},"data":[[362,4,-1.35,0.282353,1],[425,4,-0.8100001,0.8470588,1],[509,4,-0.09,1.6,1],[594,4,0.8100001,2.352941,1],[617,4,1.35,2.541177,1],[401,1,-1.53,0.6588235,1],[421,1,-1.53,0.8470588,1],[484,1,-0.99,1.411765,1],[504,1,-0.99,1.6,1],[548,1,-0.27,1.976471,1],[590,1,0.09,2.352941,1],[591,1,0.27,2.352941,1],[634,1,0.8100001,2.729412,1],[366,3,-0.63,0.282353,1],[367,3,-0.45,0.282353,1],[409,3,-0.09,0.6588235,1],[429,3,-0.09,0.8470588,1],[494,3,0.8100001,1.411765,1],[514,3,0.8100001,1.6,1],[556,3,1.17,1.976471,1],[557,3,1.35,1.976471,1],[521,3,-1.53,1.788235,2],[541,3,-1.53,1.976471,2],[564,3,-0.99,2.164706,2],[585,3,-0.8100001,2.352941,2],[610,3,0.09,2.541177,2],[423,2,-1.17,0.8470588,2],[443,2,-1.17,1.035294,2],[447,2,-0.45,1.035294,2],[448,2,-0.27,1.035294,2],[512,2,0.45,1.6,2],[532,2,0.45,1.788235,2],[553,2,0.63,1.976471,2],[554,2,0.8100001,1.976471,2],[597,2,1.35,2.352941,2],[598,2,1.53,2.352941,2],[376,5,1.17,0.282353,2],[438,5,1.53,0.8470588,2],[458,5,1.53,1.035294,2],[498,5,1.53,1.411765,2],[393,5,0.63,0.4705883,2],[413,5,0.63,0.6588235,2],[473,5,0.63,1.223529,2],[527,5,-0.45,1.788235,2],[602,5,-1.35,2.541177,2],[449,1,-0.09,1.035294,3],[469,1,-0.09,1.223529,3],[470,1,0.09,1.223529,3],[490,1,0.09,1.411765,3],[491,1,0.27,1.411765,3],[552,1,0.45,1.976471,3],[573,1,0.63,2.164706,3],[574,1,0.8100001,2.164706,3],[575,1,0.99,2.164706,3]]}