{"grid":{"x":20,"y":34},"data":[[362,1,-1.35,0.282353,1],[342,4,-1.35,0.09411766,1],[383,4,-1.17,0.4705883,2],[424,4,-0.99,0.8470588,1],[465,4,-0.8100001,1.223529,1],[506,4,-0.63,1.6,1],[547,4,-0.45,1.976471,1],[588,4,-0.27,2.352941,1],[629,4,-0.09,2.729412,1],[630,4,0.09,2.729412,1],[591,4,0.27,2.352941,1],[552,4,0.45,1.976471,1],[513,4,0.63,1.6,1],[474,4,0.8100001,1.223529,1],[435,4,0.99,0.8470588,1],[396,4,1.17,0.4705883,2],[357,4,1.35,0.09411766,1],[344,4,-0.99,0.09411766,1],[355,4,0.99,0.09411766,1],[443,3,-1.17,1.035294,1],[444,3,-0.99,1.035294,1],[445,1,-0.8100001,1.035294,3],[456,3,1.17,1.035294,1],[455,3,0.99,1.035294,1],[454,1,0.8100001,1.035294,3],[446,1,-0.63,1.035294,3],[447,2,-0.45,1.035294,3],[448,2,-0.27,1.035294,3],[449,3,-0.09,1.035294,3],[450,3,0.09,1.035294,3],[451,2,0.27,1.035294,3],[452,2,0.45,1.035294,3],[453,1,0.63,1.035294,3],[457,3,1.35,1.035294,1],[343,1,-1.17,0.09411766,3],[363,1,-1.17,0.282353,3],[364,1,-0.99,0.282353,3],[384,1,-0.99,0.4705883,3],[404,1,-0.99,0.6588235,3],[405,1,-0.8100001,0.6588235,3],[425,1,-0.8100001,0.8470588,3],[466,1,-0.63,1.223529,3],[486,1,-0.63,1.411765,3],[487,1,-0.45,1.411765,3],[507,1,-0.45,1.6,3],[527,1,-0.45,1.788235,3],[528,1,-0.27,1.788235,3],[548,1,-0.27,1.976471,3],[568,1,-0.27,2.164706,3],[569,1,-0.09,2.164706,3],[589,1,-0.09,2.352941,3],[609,1,-0.09,2.541177,3],[610,1,0.09,2.541177,3],[590,1,0.09,2.352941,3],[570,1,0.09,2.164706,3],[571,1,0.27,2.164706,3],[551,1,0.27,1.976471,3],[531,1,0.27,1.788235,3],[532,1,0.45,1.788235,3],[512,1,0.45,1.6,3],[492,1,0.45,1.411765,3],[493,1,0.63,1.411765,3],[473,1,0.63,1.223529,3],[434,1,0.8100001,0.8470588,3],[414,1,0.8100001,0.6588235,3],[415,1,0.99,0.6588235,3],[395,1,0.99,0.4705883,3],[375,1,0.99,0.282353,3],[376,1,1.17,0.282353,3],[356,1,1.17,0.09411766,3],[467,4,-0.45,1.223529,1],[426,4,-0.63,0.8470588,1],[385,4,-0.8100001,0.4705883,1],[472,4,0.45,1.223529,1],[433,4,0.63,0.8470588,1],[394,4,0.8100001,0.4705883,1],[508,4,-0.27,1.6,1],[511,4,0.27,1.6,1],[549,4,-0.09,1.976471,1],[550,4,0.09,1.976471,1],[345,2,-0.8100001,0.09411766,3],[365,2,-0.8100001,0.282353,3],[366,2,-0.63,0.282353,3],[386,2,-0.63,0.4705883,3],[406,2,-0.63,0.6588235,3],[407,2,-0.45,0.6588235,3],[427,2,-0.45,0.8470588,3],[468,2,-0.27,1.223529,3],[488,2,-0.27,1.411765,3],[509,2,-0.09,1.6,3],[529,2,-0.09,1.788235,3],[489,2,-0.09,1.411765,3],[530,2,0.09,1.788235,3],[510,2,0.09,1.6,3],[490,2,0.09,1.411765,3],[491,2,0.27,1.411765,3],[471,2,0.27,1.223529,3],[432,2,0.45,0.8470588,3],[412,2,0.45,0.6588235,3],[413,2,0.63,0.6588235,3],[393,2,0.63,0.4705883,3],[373,2,0.63,0.282353,3],[374,2,0.8100001,0.282353,3],[354,2,0.8100001,0.09411766,3],[346,4,-0.63,0.09411766,1],[387,4,-0.45,0.4705883,1],[428,4,-0.27,0.8470588,1],[469,4,-0.09,1.223529,1],[470,4,0.09,1.223529,1],[431,4,0.27,0.8470588,1],[392,4,0.45,0.4705883,1],[353,4,0.63,0.09411766,1],[347,3,-0.45,0.09411766,3],[367,3,-0.45,0.282353,3],[368,3,-0.27,0.282353,3],[388,3,-0.27,0.4705883,3],[408,3,-0.27,0.6588235,3],[409,3,-0.09,0.6588235,3],[429,3,-0.09,0.8470588,3],[430,3,0.09,0.8470588,3],[410,3,0.09,0.6588235,3],[411,3,0.27,0.6588235,3],[391,3,0.27,0.4705883,3],[371,3,0.27,0.282353,3],[372,3,0.45,0.282353,3],[352,3,0.45,0.09411766,3],[389,4,-0.09,0.4705883,3],[390,4,0.09,0.4705883,3],[348,4,-0.27,0.09411766,3],[351,4,0.27,0.09411766,3],[369,4,-0.09,0.282353,3],[349,4,-0.09,0.09411766,3],[350,4,0.09,0.09411766,3],[370,4,0.09,0.282353,3],[340,1,-1.71,0.09411766,1],[341,1,-1.53,0.09411766,1],[358,1,1.53,0.09411766,1],[359,1,1.71,0.09411766,1],[360,1,-1.71,0.282353,1],[361,1,-1.53,0.282353,1],[377,1,1.35,0.282353,1],[378,1,1.53,0.282353,1],[379,1,1.71,0.282353,1],[381,2,-1.53,0.4705883,1],[382,2,-1.35,0.4705883,1],[401,2,-1.53,0.6588235,1],[402,2,-1.35,0.6588235,1],[403,2,-1.17,0.6588235,1],[397,2,1.35,0.4705883,1],[398,2,1.53,0.4705883,1],[416,2,1.17,0.6588235,1],[417,2,1.35,0.6588235,1],[418,2,1.53,0.6588235,1],[422,3,-1.35,0.8470588,1],[423,3,-1.17,0.8470588,1],[436,3,1.17,0.8470588,1],[437,3,1.35,0.8470588,1],[442,3,-1.35,1.035294,1]]}