{"grid":{"x":20,"y":34},"data":[[380,4,-1.71,0.4705883,2],[381,4,-1.53,0.4705883,2],[382,4,-1.35,0.4705883,2],[383,4,-1.17,0.4705883,2],[384,4,-0.99,0.4705883,2],[385,4,-0.8100001,0.4705883,2],[386,4,-0.63,0.4705883,2],[387,4,-0.45,0.4705883,2],[392,4,0.45,0.4705883,2],[393,4,0.63,0.4705883,2],[394,4,0.8100001,0.4705883,2],[395,4,0.99,0.4705883,2],[396,4,1.17,0.4705883,2],[397,4,1.35,0.4705883,2],[398,4,1.53,0.4705883,2],[399,4,1.71,0.4705883,2],[361,1,-1.53,0.282353,2],[341,1,-1.53,0.09411766,2],[363,1,-1.17,0.282353,2],[365,1,-0.8100001,0.282353,2],[367,1,-0.45,0.282353,2],[347,1,-0.45,0.09411766,2],[372,1,0.45,0.282353,2],[352,1,0.45,0.09411766,2],[374,1,0.8100001,0.282353,2],[354,1,0.8100001,0.09411766,2],[376,1,1.17,0.282353,2],[356,1,1.17,0.09411766,2],[378,1,1.53,0.282353,2],[358,1,1.53,0.09411766,2],[427,1,-0.45,0.8470588,2],[447,1,-0.45,1.035294,2],[467,1,-0.45,1.223529,2],[487,1,-0.45,1.411765,2],[507,1,-0.45,1.6,2],[527,1,-0.45,1.788235,2],[547,1,-0.45,1.976471,2],[567,1,-0.45,2.164706,2],[587,1,-0.45,2.352941,2],[571,4,0.27,2.164706,2],[432,1,0.45,0.8470588,2],[452,1,0.45,1.035294,2],[451,4,0.27,1.035294,2],[472,1,0.45,1.223529,2],[492,1,0.45,1.411765,2],[512,1,0.45,1.6,2],[532,1,0.45,1.788235,2],[552,1,0.45,1.976471,2],[572,1,0.45,2.164706,2],[592,1,0.45,2.352941,2],[345,1,-0.8100001,0.09411766,2],[343,1,-1.17,0.09411766,2],[561,1,-1.53,2.164706,1],[562,1,-1.35,2.164706,1],[563,1,-1.17,2.164706,1],[564,1,-0.99,2.164706,1],[565,1,-0.8100001,2.164706,1],[560,1,-1.71,2.164706,1],[506,1,-0.63,1.6,1],[503,1,-1.17,1.6,1],[502,1,-1.35,1.6,1],[504,1,-0.99,1.6,1],[505,1,-0.8100001,1.6,1],[501,1,-1.53,1.6,1],[440,1,-1.71,1.035294,1],[441,1,-1.53,1.035294,1],[442,1,-1.35,1.035294,1],[443,1,-1.17,1.035294,1],[444,1,-0.99,1.035294,1],[445,1,-0.8100001,1.035294,1],[454,1,0.8100001,1.035294,1],[455,1,0.99,1.035294,1],[456,1,1.17,1.035294,1],[457,1,1.35,1.035294,1],[458,1,1.53,1.035294,1],[459,1,1.71,1.035294,1],[513,1,0.63,1.6,1],[514,1,0.8100001,1.6,1],[515,1,0.99,1.6,1],[516,1,1.17,1.6,1],[517,1,1.35,1.6,1],[518,1,1.53,1.6,1],[574,1,0.8100001,2.164706,1],[575,1,0.99,2.164706,1],[576,1,1.17,2.164706,1],[577,1,1.35,2.164706,1],[578,1,1.53,2.164706,1],[579,1,1.71,2.164706,1],[627,1,-0.45,2.729412,2],[632,1,0.45,2.729412,2],[607,1,-0.45,2.541177,2],[612,1,0.45,2.541177,2],[446,5,-0.63,1.035294,1],[453,5,0.63,1.035294,1],[566,5,-0.63,2.164706,1],[573,5,0.63,2.164706,1],[448,4,-0.27,1.035294,2],[568,4,-0.27,2.164706,2],[554,4,0.8100001,1.976471,2],[556,4,1.17,1.976471,2],[558,4,1.53,1.976471,2],[494,4,0.8100001,1.411765,2],[496,4,1.17,1.411765,2],[498,4,1.53,1.411765,2],[485,4,-0.8100001,1.411765,2],[483,4,-1.17,1.411765,2],[481,4,-1.53,1.411765,2],[541,4,-1.53,1.976471,2],[543,4,-1.17,1.976471,2],[545,4,-0.8100001,1.976471,2],[400,1,-1.71,0.6588235,2],[401,1,-1.53,0.6588235,2],[402,1,-1.35,0.6588235,2],[403,1,-1.17,0.6588235,2],[404,1,-0.99,0.6588235,2],[405,1,-0.8100001,0.6588235,2],[406,1,-0.63,0.6588235,2],[407,1,-0.45,0.6588235,2],[412,1,0.45,0.6588235,2],[413,1,0.63,0.6588235,2],[414,1,0.8100001,0.6588235,2],[415,1,0.99,0.6588235,2],[416,1,1.17,0.6588235,2],[417,1,1.35,0.6588235,2],[418,1,1.53,0.6588235,2],[419,1,1.71,0.6588235,2]]}