{"grid":{"x":20,"y":34},"data":[[622,1,-1.35,2.729412,1],[602,1,-1.35,2.541177,1],[582,1,-1.35,2.352941,1],[562,1,-1.35,2.164706,1],[542,1,-1.35,1.976471,1],[522,1,-1.35,1.788235,1],[502,1,-1.35,1.6,1],[482,1,-1.35,1.411765,1],[462,1,-1.35,1.223529,1],[442,1,-1.35,1.035294,1],[422,1,-1.35,0.8470588,1],[402,1,-1.35,0.6588235,1],[382,1,-1.35,0.4705883,1],[362,1,-1.35,0.282353,1],[342,1,-1.35,0.09411766,1],[637,1,1.35,2.729412,1],[617,1,1.35,2.541177,1],[597,1,1.35,2.352941,1],[577,1,1.35,2.164706,1],[557,1,1.35,1.976471,1],[537,1,1.35,1.788235,1],[517,1,1.35,1.6,1],[497,1,1.35,1.411765,1],[477,1,1.35,1.223529,1],[457,1,1.35,1.035294,1],[437,1,1.35,0.8470588,1],[417,1,1.35,0.6588235,1],[397,1,1.35,0.4705883,1],[377,1,1.35,0.282353,1],[357,1,1.35,0.09411766,1],[626,2,-0.63,2.729412,1],[606,2,-0.63,2.541177,1],[586,2,-0.63,2.352941,1],[566,2,-0.63,2.164706,1],[546,2,-0.63,1.976471,1],[526,2,-0.63,1.788235,1],[506,2,-0.63,1.6,1],[486,2,-0.63,1.411765,1],[466,2,-0.63,1.223529,1],[446,2,-0.63,1.035294,1],[426,2,-0.63,0.8470588,1],[406,2,-0.63,0.6588235,1],[386,2,-0.63,0.4705883,1],[366,2,-0.63,0.282353,1],[346,2,-0.63,0.09411766,1],[353,2,0.63,0.09411766,1],[373,2,0.63,0.282353,1],[393,2,0.63,0.4705883,1],[413,2,0.63,0.6588235,1],[433,2,0.63,0.8470588,1],[453,2,0.63,1.035294,1],[473,2,0.63,1.223529,1],[493,2,0.63,1.411765,1],[513,2,0.63,1.6,1],[533,2,0.63,1.788235,1],[553,2,0.63,1.976471,1],[573,2,0.63,2.164706,1],[593,2,0.63,2.352941,1],[613,2,0.63,2.541177,1],[633,2,0.63,2.729412,1],[540,3,-1.71,1.976471,2],[541,3,-1.53,1.976471,2],[543,3,-1.17,1.976471,2],[544,3,-0.99,1.976471,2],[545,3,-0.8100001,1.976471,2],[547,3,-0.45,1.976471,2],[548,3,-0.27,1.976471,2],[549,3,-0.09,1.976471,2],[550,3,0.09,1.976471,2],[551,3,0.27,1.976471,2],[552,3,0.45,1.976471,2],[554,3,0.8100001,1.976471,2],[555,3,0.99,1.976471,2],[556,3,1.17,1.976471,2],[558,3,1.53,1.976471,2],[559,3,1.71,1.976471,2],[420,3,-1.71,0.8470588,2],[421,3,-1.53,0.8470588,2],[423,3,-1.17,0.8470588,2],[424,3,-0.99,0.8470588,2],[425,3,-0.8100001,0.8470588,2],[427,3,-0.45,0.8470588,2],[428,3,-0.27,0.8470588,2],[429,3,-0.09,0.8470588,2],[430,3,0.09,0.8470588,2],[431,3,0.27,0.8470588,2],[432,3,0.45,0.8470588,2],[434,3,0.8100001,0.8470588,2],[435,3,0.99,0.8470588,2],[436,3,1.17,0.8470588,2],[439,3,1.71,0.8470588,2],[438,3,1.53,0.8470588,2],[564,5,-0.99,2.164706,1],[575,5,0.99,2.164706,1],[444,5,-0.99,1.035294,1],[455,5,0.99,1.035294,1],[524,4,-0.99,1.788235,1],[404,4,-0.99,0.6588235,1],[415,4,0.99,0.6588235,1],[535,4,0.99,1.788235,1]]}