{"grid":{"x":20,"y":34},"data":[[589,4,-0.09,2.352941,1],[568,4,-0.27,2.164706,1],[547,4,-0.45,1.976471,1],[526,4,-0.63,1.788235,1],[505,4,-0.8100001,1.6,1],[484,4,-0.99,1.411765,1],[463,4,-1.17,1.223529,1],[442,4,-1.35,1.035294,1],[421,4,-1.53,0.8470588,1],[400,4,-1.71,0.6588235,1],[590,4,0.09,2.352941,1],[571,4,0.27,2.164706,1],[552,4,0.45,1.976471,1],[533,4,0.63,1.788235,1],[514,4,0.8100001,1.6,1],[495,4,0.99,1.411765,1],[476,4,1.17,1.223529,1],[457,4,1.35,1.035294,1],[438,4,1.53,0.8470588,1],[419,4,1.71,0.6588235,1],[409,5,-0.09,0.6588235,1],[410,5,0.09,0.6588235,1],[431,5,0.27,0.8470588,1],[452,5,0.45,1.035294,1],[473,5,0.63,1.223529,1],[494,5,0.8100001,1.411765,1],[515,5,0.99,1.6,1],[536,5,1.17,1.788235,1],[557,5,1.35,1.976471,1],[578,5,1.53,2.164706,1],[599,5,1.71,2.352941,1],[428,5,-0.27,0.8470588,1],[447,5,-0.45,1.035294,1],[466,5,-0.63,1.223529,1],[485,5,-0.8100001,1.411765,1],[504,5,-0.99,1.6,1],[523,5,-1.17,1.788235,1],[542,5,-1.35,1.976471,1],[561,5,-1.53,2.164706,1],[580,5,-1.71,2.352941,1],[500,1,-1.71,1.6,3],[501,1,-1.53,1.6,3],[502,1,-1.35,1.6,3],[503,1,-1.17,1.6,3],[506,1,-0.63,1.6,3],[507,1,-0.45,1.6,3],[508,1,-0.27,1.6,3],[509,1,-0.09,1.6,3],[510,1,0.09,1.6,3],[511,1,0.27,1.6,3],[512,1,0.45,1.6,3],[513,1,0.63,1.6,3],[516,1,1.17,1.6,3],[517,1,1.35,1.6,3],[518,1,1.53,1.6,3],[519,1,1.71,1.6,3],[480,2,-1.71,1.411765,3],[481,2,-1.53,1.411765,3],[482,2,-1.35,1.411765,3],[483,2,-1.17,1.411765,3],[486,2,-0.63,1.411765,3],[487,2,-0.45,1.411765,3],[488,2,-0.27,1.411765,3],[489,2,-0.09,1.411765,3],[490,2,0.09,1.411765,3],[491,2,0.27,1.411765,3],[492,2,0.45,1.411765,3],[493,2,0.63,1.411765,3],[496,2,1.17,1.411765,3],[497,2,1.35,1.411765,3],[498,2,1.53,1.411765,3],[499,2,1.71,1.411765,3],[401,3,-1.53,0.6588235,3],[402,3,-1.35,0.6588235,3],[403,3,-1.17,0.6588235,3],[404,3,-0.99,0.6588235,3],[405,3,-0.8100001,0.6588235,3],[406,3,-0.63,0.6588235,3],[407,3,-0.45,0.6588235,3],[408,3,-0.27,0.6588235,3],[411,3,0.27,0.6588235,3],[412,3,0.45,0.6588235,3],[413,3,0.63,0.6588235,3],[414,3,0.8100001,0.6588235,3],[415,3,0.99,0.6588235,3],[416,3,1.17,0.6588235,3],[417,3,1.35,0.6588235,3],[418,3,1.53,0.6588235,3],[581,3,-1.53,2.352941,3],[582,3,-1.35,2.352941,3],[583,3,-1.17,2.352941,3],[584,3,-0.99,2.352941,3],[585,3,-0.8100001,2.352941,3],[586,3,-0.63,2.352941,3],[587,3,-0.45,2.352941,3],[588,3,-0.27,2.352941,3],[591,3,0.27,2.352941,3],[592,3,0.45,2.352941,3],[593,3,0.63,2.352941,3],[594,3,0.8100001,2.352941,3],[595,3,0.99,2.352941,3],[596,3,1.17,2.352941,3],[597,3,1.35,2.352941,3],[598,3,1.53,2.352941,3]]}