{"grid":{"x":20,"y":34},"data":[[359,4,1.71,0.09411766,1],[378,4,1.53,0.282353,1],[397,4,1.35,0.4705883,1],[416,4,1.17,0.6588235,1],[435,4,0.99,0.8470588,1],[434,4,0.8100001,0.8470588,1],[414,4,0.8100001,0.6588235,1],[394,4,0.8100001,0.4705883,1],[454,4,0.8100001,1.035294,1],[455,4,0.99,1.035294,1],[456,4,1.17,1.035294,1],[457,4,1.35,1.035294,1],[473,5,0.63,1.223529,1],[472,5,0.45,1.223529,1],[471,5,0.27,1.223529,1],[470,5,0.09,1.223529,1],[469,5,-0.09,1.223529,1],[468,5,-0.27,1.223529,1],[467,5,-0.45,1.223529,1],[466,5,-0.63,1.223529,1],[465,5,-0.8100001,1.223529,1],[464,5,-0.99,1.223529,1],[463,5,-1.17,1.223529,1],[462,5,-1.35,1.223529,1],[481,5,-1.53,1.411765,1],[501,5,-1.53,1.6,1],[521,5,-1.53,1.788235,1],[541,5,-1.53,1.976471,1],[561,5,-1.53,2.164706,1],[581,5,-1.53,2.352941,1],[601,5,-1.53,2.541177,1],[622,5,-1.35,2.729412,1],[617,5,1.35,2.541177,1],[496,5,1.17,1.411765,1],[495,5,0.99,1.411765,1],[494,5,0.8100001,1.411765,1],[583,1,-1.17,2.352941,2],[563,1,-1.17,2.164706,2],[543,1,-1.17,1.976471,2],[523,1,-1.17,1.788235,2],[503,1,-1.17,1.6,2],[567,1,-0.45,2.164706,2],[547,1,-0.45,1.976471,2],[525,1,-0.8100001,1.788235,2],[505,1,-0.8100001,1.6,2],[506,1,-0.63,1.6,2],[507,1,-0.45,1.6,2],[571,1,0.27,2.164706,2],[551,1,0.27,1.976471,2],[531,1,0.27,1.788235,2],[511,1,0.27,1.6,2],[510,1,0.09,1.6,2],[509,1,-0.09,1.6,2],[623,5,-1.17,2.729412,1],[624,5,-0.99,2.729412,1],[625,5,-0.8100001,2.729412,1],[626,5,-0.63,2.729412,1],[627,5,-0.45,2.729412,1],[628,5,-0.27,2.729412,1],[629,5,-0.09,2.729412,1],[630,5,0.09,2.729412,1],[631,5,0.27,2.729412,1],[632,5,0.45,2.729412,1],[633,5,0.63,2.729412,1],[634,5,0.8100001,2.729412,1],[635,5,0.99,2.729412,1],[636,5,1.17,2.729412,1],[573,1,0.63,2.164706,2],[585,1,-0.8100001,2.352941,2],[586,1,-0.63,2.352941,2],[587,1,-0.45,2.352941,2],[546,1,-0.63,1.976471,2],[545,1,-0.8100001,1.976471,2],[591,1,0.27,2.352941,2],[590,1,0.09,2.352941,2],[589,1,-0.09,2.352941,2],[549,1,-0.09,1.976471,2],[550,1,0.09,1.976471,2],[593,1,0.63,2.352941,2],[553,1,0.63,1.976471,2],[554,1,0.8100001,1.976471,2],[555,1,0.99,1.976471,2],[595,1,0.99,2.352941,2],[575,1,0.99,2.164706,2],[535,1,0.99,1.788235,2],[515,1,0.99,1.6,2],[597,5,1.35,2.352941,1],[577,5,1.35,2.164706,1],[557,5,1.35,1.976471,1],[537,5,1.35,1.788235,1],[517,5,1.35,1.6,1]]}