{"grid":{"x":20,"y":34},"data":[[361,5,-1.53,0.282353,1],[362,5,-1.35,0.282353,1],[424,5,-0.99,0.8470588,1],[425,5,-0.8100001,0.8470588,1],[397,5,1.35,0.4705883,1],[398,5,1.53,0.4705883,1],[381,5,-1.53,0.4705883,1],[382,5,-1.35,0.4705883,1],[377,5,1.35,0.282353,1],[378,5,1.53,0.282353,1],[404,5,-0.99,0.6588235,1],[405,5,-0.8100001,0.6588235,1],[415,5,0.99,0.6588235,1],[435,5,0.99,0.8470588,1],[434,5,0.8100001,0.8470588,1],[414,5,0.8100001,0.6588235,1],[447,5,-0.45,1.035294,1],[467,5,-0.45,1.223529,1],[468,5,-0.27,1.223529,1],[448,5,-0.27,1.035294,1],[451,5,0.27,1.035294,1],[471,5,0.27,1.223529,1],[472,5,0.45,1.223529,1],[452,5,0.45,1.035294,1],[601,2,-1.53,2.541177,5],[602,4,-1.35,2.541177,1],[603,2,-1.17,2.541177,5],[604,2,-0.99,2.541177,5],[605,2,-0.8100001,2.541177,5],[606,2,-0.63,2.541177,5],[607,2,-0.45,2.541177,5],[608,2,-0.27,2.541177,5],[609,4,-0.09,2.541177,1],[610,4,0.09,2.541177,1],[611,2,0.27,2.541177,5],[612,2,0.45,2.541177,5],[613,2,0.63,2.541177,5],[614,2,0.8100001,2.541177,5],[615,2,0.99,2.541177,5],[616,2,1.17,2.541177,5],[617,4,1.35,2.541177,1],[618,2,1.53,2.541177,5],[581,3,-1.53,2.352941,5],[582,4,-1.35,2.352941,1],[583,3,-1.17,2.352941,5],[584,3,-0.99,2.352941,5],[585,3,-0.8100001,2.352941,5],[586,3,-0.63,2.352941,5],[587,3,-0.45,2.352941,5],[588,3,-0.27,2.352941,5],[589,4,-0.09,2.352941,1],[590,4,0.09,2.352941,1],[591,3,0.27,2.352941,5],[592,3,0.45,2.352941,5],[593,3,0.63,2.352941,5],[594,3,0.8100001,2.352941,5],[595,3,0.99,2.352941,5],[596,3,1.17,2.352941,5],[597,4,1.35,2.352941,1],[598,3,1.53,2.352941,5],[600,4,-1.71,2.541177,5],[580,4,-1.71,2.352941,5],[560,4,-1.71,2.164706,5],[561,4,-1.53,2.164706,5],[619,4,1.71,2.541177,5],[599,4,1.71,2.352941,5],[579,4,1.71,2.164706,5],[578,4,1.53,2.164706,5],[562,4,-1.35,2.164706,1],[563,1,-1.17,2.164706,2],[564,1,-0.99,2.164706,2],[565,1,-0.8100001,2.164706,2],[566,1,-0.63,2.164706,2],[567,1,-0.45,2.164706,2],[568,1,-0.27,2.164706,2],[569,4,-0.09,2.164706,1],[570,4,0.09,2.164706,1],[571,1,0.27,2.164706,2],[572,1,0.45,2.164706,2],[573,1,0.63,2.164706,2],[574,1,0.8100001,2.164706,2],[575,1,0.99,2.164706,2],[576,1,1.17,2.164706,2],[577,4,1.35,2.164706,1],[540,1,-1.71,1.976471,1],[541,1,-1.53,1.976471,1],[543,1,-1.17,1.976471,1],[544,1,-0.99,1.976471,1],[545,1,-0.8100001,1.976471,1],[546,1,-0.63,1.976471,1],[547,1,-0.45,1.976471,1],[548,1,-0.27,1.976471,1],[551,1,0.27,1.976471,1],[552,1,0.45,1.976471,1],[553,1,0.63,1.976471,1],[554,1,0.8100001,1.976471,1],[555,1,0.99,1.976471,1],[556,1,1.17,1.976471,1],[558,1,1.53,1.976471,1],[559,1,1.71,1.976471,1],[520,2,-1.71,1.788235,2],[521,2,-1.53,1.788235,2],[523,2,-1.17,1.788235,2],[524,2,-0.99,1.788235,2],[525,2,-0.8100001,1.788235,2],[526,2,-0.63,1.788235,2],[527,2,-0.45,1.788235,2],[528,2,-0.27,1.788235,2],[531,2,0.27,1.788235,2],[532,2,0.45,1.788235,2],[533,2,0.63,1.788235,2],[534,2,0.8100001,1.788235,2],[535,2,0.99,1.788235,2],[536,2,1.17,1.788235,2],[538,2,1.53,1.788235,2],[539,2,1.71,1.788235,2],[500,2,-1.71,1.6,1],[501,2,-1.53,1.6,1],[503,2,-1.17,1.6,1],[504,2,-0.99,1.6,1],[505,2,-0.8100001,1.6,1],[506,2,-0.63,1.6,1],[507,2,-0.45,1.6,1],[508,2,-0.27,1.6,1],[511,2,0.27,1.6,1],[512,2,0.45,1.6,1],[513,2,0.63,1.6,1],[514,2,0.8100001,1.6,1],[515,2,0.99,1.6,1],[516,2,1.17,1.6,1],[518,2,1.53,1.6,1],[519,2,1.71,1.6,1]]}