{"grid":{"x":20,"y":34},"data":[[507,4,-0.45,1.6,3],[528,4,-0.27,1.788235,3],[487,4,-0.45,1.411765,3],[468,4,-0.27,1.223529,3],[449,4,-0.09,1.035294,3],[450,4,0.09,1.035294,3],[451,1,0.27,1.035294,3],[471,4,0.27,1.223529,3],[492,4,0.45,1.411765,3],[512,4,0.45,1.6,3],[531,4,0.27,1.788235,3],[549,4,-0.09,1.976471,3],[550,4,0.09,1.976471,3],[369,4,-0.09,0.282353,3],[370,4,0.09,0.282353,3],[371,4,0.27,0.282353,3],[368,4,-0.27,0.282353,3],[392,4,0.45,0.4705883,3],[393,4,0.63,0.4705883,3],[387,4,-0.45,0.4705883,3],[386,4,-0.63,0.4705883,3],[405,4,-0.8100001,0.6588235,3],[414,4,0.8100001,0.6588235,3],[424,4,-0.99,0.8470588,3],[444,4,-0.99,1.035294,3],[435,4,0.99,0.8470588,3],[455,4,0.99,1.035294,3],[463,4,-1.17,1.223529,3],[483,4,-1.17,1.411765,3],[503,4,-1.17,1.6,3],[523,4,-1.17,1.788235,3],[476,4,1.17,1.223529,3],[496,4,1.17,1.411765,3],[516,4,1.17,1.6,3],[536,4,1.17,1.788235,3],[544,4,-0.99,1.976471,3],[564,4,-0.99,2.164706,3],[555,4,0.99,1.976471,3],[575,4,0.99,2.164706,3],[585,4,-0.8100001,2.352941,3],[594,4,0.8100001,2.352941,3],[606,4,-0.63,2.541177,3],[607,4,-0.45,2.541177,3],[613,4,0.63,2.541177,3],[612,4,0.45,2.541177,3],[628,4,-0.27,2.729412,3],[629,4,-0.09,2.729412,3],[630,4,0.09,2.729412,3],[631,4,0.27,2.729412,3],[608,1,-0.27,2.541177,3],[609,1,-0.09,2.541177,3],[610,1,0.09,2.541177,3],[611,1,0.27,2.541177,3],[586,1,-0.63,2.352941,3],[587,1,-0.45,2.352941,3],[588,1,-0.27,2.352941,3],[589,1,-0.09,2.352941,3],[590,1,0.09,2.352941,3],[591,1,0.27,2.352941,3],[592,1,0.45,2.352941,3],[593,1,0.63,2.352941,3],[565,2,-0.8100001,2.164706,3],[566,2,-0.63,2.164706,3],[567,2,-0.45,2.164706,3],[568,2,-0.27,2.164706,3],[569,2,-0.09,2.164706,3],[570,2,0.09,2.164706,3],[571,2,0.27,2.164706,3],[572,2,0.45,2.164706,3],[573,2,0.63,2.164706,3],[574,2,0.8100001,2.164706,3],[545,2,-0.8100001,1.976471,3],[546,2,-0.63,1.976471,3],[547,2,-0.45,1.976471,3],[548,2,-0.27,1.976471,3],[551,2,0.27,1.976471,3],[552,2,0.45,1.976471,3],[553,2,0.63,1.976471,3],[554,2,0.8100001,1.976471,3],[524,3,-0.99,1.788235,3],[525,3,-0.8100001,1.788235,3],[526,3,-0.63,1.788235,3],[527,3,-0.45,1.788235,3],[532,3,0.45,1.788235,3],[533,3,0.63,1.788235,3],[534,3,0.8100001,1.788235,3],[535,3,0.99,1.788235,3],[504,3,-0.99,1.6,3],[505,3,-0.8100001,1.6,3],[506,3,-0.63,1.6,3],[513,3,0.63,1.6,3],[514,3,0.8100001,1.6,3],[515,3,0.99,1.6,3],[484,2,-0.99,1.411765,3],[485,2,-0.8100001,1.411765,3],[486,2,-0.63,1.411765,3],[493,2,0.63,1.411765,3],[494,2,0.8100001,1.411765,3],[495,2,0.99,1.411765,3],[464,2,-0.99,1.223529,3],[465,2,-0.8100001,1.223529,3],[466,2,-0.63,1.223529,3],[467,2,-0.45,1.223529,3],[472,2,0.45,1.223529,3],[473,2,0.63,1.223529,3],[474,2,0.8100001,1.223529,3],[475,2,0.99,1.223529,3],[445,1,-0.8100001,1.035294,3],[446,1,-0.63,1.035294,3],[447,1,-0.45,1.035294,3],[448,1,-0.27,1.035294,3],[452,1,0.45,1.035294,3],[453,1,0.63,1.035294,3],[454,1,0.8100001,1.035294,3],[425,1,-0.8100001,0.8470588,3],[426,1,-0.63,0.8470588,3],[427,1,-0.45,0.8470588,3],[428,1,-0.27,0.8470588,3],[429,1,-0.09,0.8470588,3],[430,1,0.09,0.8470588,3],[431,1,0.27,0.8470588,3],[432,1,0.45,0.8470588,3],[433,1,0.63,0.8470588,3],[434,1,0.8100001,0.8470588,3],[406,5,-0.63,0.6588235,1],[407,5,-0.45,0.6588235,1],[408,5,-0.27,0.6588235,1],[409,5,-0.09,0.6588235,1],[410,5,0.09,0.6588235,1],[411,5,0.27,0.6588235,1],[412,5,0.45,0.6588235,1],[413,5,0.63,0.6588235,1],[388,5,-0.27,0.4705883,1],[389,5,-0.09,0.4705883,1],[390,5,0.09,0.4705883,1],[391,5,0.27,0.4705883,1]]}