{"grid":{"x":20,"y":34},"data":[[381,5,-1.53,0.4705883,1],[423,1,-1.17,0.8470588,1],[422,1,-1.35,0.8470588,1],[421,1,-1.53,0.8470588,1],[420,1,-1.71,0.8470588,1],[387,5,-0.45,0.4705883,1],[392,5,0.45,0.4705883,1],[398,5,1.53,0.4705883,1],[424,1,-0.99,0.8470588,1],[425,1,-0.8100001,0.8470588,1],[426,1,-0.63,0.8470588,1],[427,1,-0.45,0.8470588,1],[428,1,-0.27,0.8470588,1],[429,1,-0.09,0.8470588,1],[430,1,0.09,0.8470588,1],[431,1,0.27,0.8470588,1],[432,1,0.45,0.8470588,1],[433,1,0.63,0.8470588,1],[434,1,0.8100001,0.8470588,1],[435,1,0.99,0.8470588,1],[436,1,1.17,0.8470588,1],[437,1,1.35,0.8470588,1],[438,1,1.53,0.8470588,1],[439,1,1.71,0.8470588,1],[460,1,-1.71,1.223529,1],[461,1,-1.53,1.223529,1],[462,1,-1.35,1.223529,1],[463,1,-1.17,1.223529,1],[464,1,-0.99,1.223529,1],[465,1,-0.8100001,1.223529,1],[466,1,-0.63,1.223529,1],[467,1,-0.45,1.223529,1],[468,1,-0.27,1.223529,1],[469,1,-0.09,1.223529,1],[470,1,0.09,1.223529,1],[471,1,0.27,1.223529,1],[472,1,0.45,1.223529,1],[473,1,0.63,1.223529,1],[474,1,0.8100001,1.223529,1],[475,1,0.99,1.223529,1],[476,1,1.17,1.223529,1],[477,1,1.35,1.223529,1],[478,1,1.53,1.223529,1],[479,1,1.71,1.223529,1],[500,1,-1.71,1.6,1],[501,1,-1.53,1.6,1],[502,1,-1.35,1.6,1],[503,1,-1.17,1.6,1],[504,1,-0.99,1.6,1],[505,1,-0.8100001,1.6,1],[506,1,-0.63,1.6,1],[507,1,-0.45,1.6,1],[508,1,-0.27,1.6,1],[509,1,-0.09,1.6,1],[510,1,0.09,1.6,1],[511,1,0.27,1.6,1],[512,1,0.45,1.6,1],[513,1,0.63,1.6,1],[514,1,0.8100001,1.6,1],[515,1,0.99,1.6,1],[516,1,1.17,1.6,1],[517,1,1.35,1.6,1],[518,1,1.53,1.6,1],[519,1,1.71,1.6,1],[540,1,-1.71,1.976471,1],[541,1,-1.53,1.976471,1],[542,1,-1.35,1.976471,1],[543,1,-1.17,1.976471,1],[544,1,-0.99,1.976471,1],[545,1,-0.8100001,1.976471,1],[547,1,-0.45,1.976471,1],[548,1,-0.27,1.976471,1],[549,1,-0.09,1.976471,1],[550,1,0.09,1.976471,1],[551,1,0.27,1.976471,1],[552,1,0.45,1.976471,1],[553,1,0.63,1.976471,1],[554,1,0.8100001,1.976471,1],[546,1,-0.63,1.976471,1],[556,1,1.17,1.976471,1],[558,1,1.53,1.976471,1],[559,1,1.71,1.976471,1],[555,1,0.99,1.976471,1],[557,1,1.35,1.976471,1],[581,5,-1.53,2.352941,1],[587,5,-0.45,2.352941,1],[592,5,0.45,2.352941,1],[598,5,1.53,2.352941,1]]}