{"grid":{"x":20,"y":34},"data":[[602,5,-1.35,2.541177,1],[617,5,1.35,2.541177,1],[560,1,-1.71,2.164706,8],[561,1,-1.53,2.164706,8],[562,1,-1.35,2.164706,8],[563,1,-1.17,2.164706,8],[564,1,-0.99,2.164706,8],[565,1,-0.8100001,2.164706,8],[566,1,-0.63,2.164706,8],[567,1,-0.45,2.164706,8],[568,1,-0.27,2.164706,8],[569,1,-0.09,2.164706,8],[570,1,0.09,2.164706,8],[571,1,0.27,2.164706,8],[572,1,0.45,2.164706,8],[573,1,0.63,2.164706,8],[574,1,0.8100001,2.164706,8],[575,1,0.99,2.164706,8],[576,1,1.17,2.164706,8],[577,1,1.35,2.164706,8],[578,1,1.53,2.164706,8],[579,1,1.71,2.164706,8],[543,4,-1.17,1.976471,1],[547,4,-0.45,1.976471,1],[552,4,0.45,1.976471,1],[556,4,1.17,1.976471,1],[503,2,-1.17,1.6,8],[504,4,-0.99,1.6,1],[506,4,-0.63,1.6,1],[513,4,0.63,1.6,1],[515,4,0.99,1.6,1],[463,4,-1.17,1.223529,1],[467,4,-0.45,1.223529,1],[472,4,0.45,1.223529,1],[476,4,1.17,1.223529,1],[544,3,-0.99,1.976471,8],[545,3,-0.8100001,1.976471,8],[546,3,-0.63,1.976471,8],[523,1,-1.17,1.788235,8],[524,1,-0.99,1.788235,8],[525,1,-0.8100001,1.788235,8],[526,1,-0.63,1.788235,8],[527,1,-0.45,1.788235,8],[505,2,-0.8100001,1.6,8],[507,2,-0.45,1.6,8],[483,1,-1.17,1.411765,2],[484,1,-0.99,1.411765,2],[485,1,-0.8100001,1.411765,2],[486,1,-0.63,1.411765,2],[487,1,-0.45,1.411765,2],[464,1,-0.99,1.223529,2],[465,1,-0.8100001,1.223529,2],[466,1,-0.63,1.223529,2],[553,3,0.63,1.976471,8],[554,3,0.8100001,1.976471,8],[555,3,0.99,1.976471,8],[532,1,0.45,1.788235,8],[533,1,0.63,1.788235,8],[534,1,0.8100001,1.788235,8],[535,1,0.99,1.788235,8],[536,1,1.17,1.788235,8],[512,2,0.45,1.6,8],[514,2,0.8100001,1.6,8],[516,2,1.17,1.6,8],[492,1,0.45,1.411765,2],[493,1,0.63,1.411765,2],[494,1,0.8100001,1.411765,2],[495,1,0.99,1.411765,2],[496,1,1.17,1.411765,2],[473,1,0.63,1.223529,2],[474,1,0.8100001,1.223529,2],[475,1,0.99,1.223529,2],[540,2,-1.71,1.976471,8],[541,2,-1.53,1.976471,8],[542,2,-1.35,1.976471,8],[548,2,-0.27,1.976471,8],[549,2,-0.09,1.976471,8],[550,2,0.09,1.976471,8],[551,2,0.27,1.976471,8],[557,2,1.35,1.976471,8],[558,2,1.53,1.976471,8],[559,2,1.71,1.976471,8],[520,3,-1.71,1.788235,8],[521,3,-1.53,1.788235,8],[522,3,-1.35,1.788235,8],[528,3,-0.27,1.788235,8],[529,3,-0.09,1.788235,8],[530,3,0.09,1.788235,8],[531,3,0.27,1.788235,8],[537,3,1.35,1.788235,8],[538,3,1.53,1.788235,8],[539,3,1.71,1.788235,8],[500,1,-1.71,1.6,8],[501,1,-1.53,1.6,8],[502,1,-1.35,1.6,8],[508,1,-0.27,1.6,8],[509,1,-0.09,1.6,8],[510,1,0.09,1.6,8],[511,1,0.27,1.6,8],[517,1,1.35,1.6,8],[518,1,1.53,1.6,8],[519,1,1.71,1.6,8],[412,1,0.45,0.6588235,1],[407,1,-0.45,0.6588235,1],[405,1,-0.8100001,0.6588235,1],[403,1,-1.17,0.6588235,1],[401,1,-1.53,0.6588235,1],[414,1,0.8100001,0.6588235,1],[416,1,1.17,0.6588235,1],[418,1,1.53,0.6588235,1],[409,1,-0.09,0.6588235,1],[410,1,0.09,0.6588235,1],[604,5,-0.99,2.541177,1],[606,5,-0.63,2.541177,1],[608,5,-0.27,2.541177,1],[611,5,0.27,2.541177,1],[613,5,0.63,2.541177,1],[615,5,0.99,2.541177,1],[583,5,-1.17,2.352941,1],[585,5,-0.8100001,2.352941,1],[587,5,-0.45,2.352941,1],[592,5,0.45,2.352941,1],[594,5,0.8100001,2.352941,1],[596,5,1.17,2.352941,1]]}