{"grid":{"x":20,"y":34},"data":[[360,4,-1.71,0.282353,2],[588,3,-0.27,2.352941,2],[379,1,1.71,0.282353,1],[400,4,-1.71,0.6588235,2],[584,3,-0.99,2.352941,2],[614,3,0.8100001,2.541177,2],[613,3,0.63,2.541177,2],[612,3,0.45,2.541177,2],[605,3,-0.8100001,2.541177,2],[606,3,-0.63,2.541177,2],[607,3,-0.45,2.541177,2],[410,3,0.09,0.6588235,2],[591,3,0.27,2.352941,2],[570,3,0.09,2.164706,2],[569,3,-0.09,2.164706,2],[417,1,1.35,0.6588235,1],[419,1,1.71,0.6588235,1],[595,3,0.99,2.352941,2],[563,3,-1.17,2.164706,2],[543,3,-1.17,1.976471,2],[576,3,1.17,2.164706,2],[556,3,1.17,1.976471,2],[504,4,-0.99,1.6,2],[523,3,-1.17,1.788235,2],[536,3,1.17,1.788235,2],[515,4,0.99,1.6,2],[485,3,-0.8100001,1.411765,2],[494,3,0.8100001,1.411765,2],[466,3,-0.63,1.223529,2],[473,3,0.63,1.223529,2],[447,3,-0.45,1.035294,2],[452,3,0.45,1.035294,2],[428,3,-0.27,0.8470588,2],[431,3,0.27,0.8470588,2],[409,3,-0.09,0.6588235,2],[436,1,1.17,0.8470588,1],[557,4,1.35,1.976471,2],[501,4,-1.53,1.6,2],[502,4,-1.35,1.6,2],[503,4,-1.17,1.6,2],[505,4,-0.8100001,1.6,2],[506,4,-0.63,1.6,2],[507,4,-0.45,1.6,2],[508,4,-0.27,1.6,2],[509,4,-0.09,1.6,2],[510,4,0.09,1.6,2],[511,4,0.27,1.6,2],[512,4,0.45,1.6,2],[513,4,0.63,1.6,2],[514,4,0.8100001,1.6,2],[516,4,1.17,1.6,2],[517,4,1.35,1.6,2],[519,4,1.71,1.6,2],[498,4,1.53,1.411765,2],[477,4,1.35,1.223529,2],[500,4,-1.71,1.6,2],[455,1,0.99,1.035294,1],[518,4,1.53,1.6,2],[359,4,1.71,0.09411766,1],[357,4,1.35,0.09411766,2],[358,4,1.53,0.09411766,1],[356,4,1.17,0.09411766,2],[355,4,0.99,0.09411766,2],[354,4,0.8100001,0.09411766,2],[353,4,0.63,0.09411766,2],[352,4,0.45,0.09411766,2],[351,4,0.27,0.09411766,2],[350,4,0.09,0.09411766,2],[349,4,-0.09,0.09411766,2],[348,4,-0.27,0.09411766,2],[347,4,-0.45,0.09411766,2],[346,4,-0.63,0.09411766,2],[345,4,-0.8100001,0.09411766,2],[344,4,-0.99,0.09411766,2],[343,4,-1.17,0.09411766,2],[342,4,-1.35,0.09411766,2],[341,4,-1.53,0.09411766,2],[340,4,-1.71,0.09411766,2],[380,4,-1.71,0.4705883,2],[420,4,-1.71,0.8470588,2],[440,4,-1.71,1.035294,2],[460,4,-1.71,1.223529,2],[480,4,-1.71,1.411765,2],[399,1,1.71,0.4705883,1],[398,1,1.53,0.4705883,1],[538,4,1.53,1.788235,2],[554,5,0.8100001,1.976471,1],[573,5,0.63,2.164706,1],[378,1,1.53,0.282353,1],[377,1,1.35,0.282353,1]]}