{"grid":{"x":15,"y":20},"data":[[213,2,-0.96,1.44,3],[217,4,0,1.44,2],[228,4,-0.96,1.76,2],[236,4,0.96,1.76,2],[183,2,-0.96,0.7999998,3],[191,2,0.96,0.7999998,3],[242,2,-1.2,2.08,0],[243,2,-0.96,2.08,3],[244,2,-0.72,2.08,0],[226,2,-1.44,1.76,0],[230,2,-0.48,1.76,0],[231,2,-0.24,1.76,3],[232,3,0,1.76,3],[233,2,0.24,1.76,3],[234,2,0.48,1.76,0],[250,2,0.72,2.08,0],[251,2,0.96,2.08,3],[252,2,1.2,2.08,0],[238,2,1.44,1.76,0],[214,2,-0.72,1.44,0],[212,2,-1.2,1.44,0],[227,2,-1.2,1.76,3],[229,2,-0.72,1.76,3],[216,2,-0.24,1.44,3],[218,2,0.24,1.44,3],[201,2,-0.24,1.12,0],[202,3,0,1.12,3],[203,2,0.24,1.12,0],[235,2,0.72,1.76,3],[221,2,0.96,1.44,3],[222,2,1.2,1.44,0],[237,2,1.2,1.76,3],[220,2,0.72,1.44,0],[199,2,-0.72,1.12,3],[185,2,-0.48,0.7999998,0],[184,2,-0.72,0.7999998,0],[205,2,0.72,1.12,3],[190,2,0.72,0.7999998,0],[189,2,0.48,0.7999998,0],[198,4,-0.96,1.12,2],[197,2,-1.2,1.12,3],[182,2,-1.2,0.7999998,0],[206,4,0.96,1.12,2],[207,2,1.2,1.12,3],[192,2,1.2,0.7999998,0],[167,3,-1.2,0.4799999,3],[169,3,-0.72,0.4799999,3],[171,3,-0.24,0.4799999,3],[173,3,0.24,0.4799999,3],[175,3,0.72,0.4799999,3],[177,3,1.2,0.4799999,3],[181,3,-1.44,0.7999998,3],[193,3,1.44,0.7999998,3],[195,3,-1.68,1.12,3],[209,3,1.68,1.12,3],[210,3,-1.68,1.44,3],[225,3,-1.68,1.76,3],[240,3,-1.68,2.08,3],[255,3,-1.68,2.4,3],[271,1,-1.44,2.72,1],[224,3,1.68,1.44,3],[239,3,1.68,1.76,3],[254,3,1.68,2.08,3],[269,3,1.68,2.4,3],[283,1,1.44,2.72,1],[257,1,-1.2,2.4,1],[273,1,-0.96,2.72,1],[259,1,-0.72,2.4,1],[275,1,-0.48,2.72,1],[261,1,-0.24,2.4,1],[277,1,0,2.72,1],[263,1,0.24,2.4,1],[279,1,0.48,2.72,1],[265,1,0.72,2.4,1],[281,1,0.96,2.72,1],[267,1,1.2,2.4,1],[245,3,-0.48,2.08,2],[247,4,0,2.08,2],[249,3,0.48,2.08,2],[186,3,-0.24,0.7999998,2],[188,3,0.24,0.7999998,2],[215,3,-0.48,1.44,2],[219,3,0.48,1.44,2],[150,1,-1.68,0.1599999,1],[151,1,-1.44,0.1599999,1],[153,1,-0.96,0.1599999,1],[152,1,-1.2,0.1599999,1],[154,1,-0.72,0.1599999,1],[155,1,-0.48,0.1599999,1],[156,1,-0.24,0.1599999,1],[157,1,0,0.1599999,1],[158,1,0.24,0.1599999,1],[159,1,0.48,0.1599999,1],[160,1,0.72,0.1599999,1],[161,1,0.96,0.1599999,1],[162,1,1.2,0.1599999,1],[163,1,1.44,0.1599999,1],[164,1,1.68,0.1599999,1],[187,4,0,0.7999998,2],[223,4,1.44,1.44,2],[211,4,-1.44,1.44,2]]}